,category,name,taxId,url
0,Bacteria,Abiotrophia defectiva,46125,https://www.ncbi.nlm.nih.gov/Taxonomy/Browser/wwwtax.cgi?mode=Info&amp;id=46125
1,Bacteria,Achromobacter xylosoxidans,85698,https://www.ncbi.nlm.nih.gov/Taxonomy/Browser/wwwtax.cgi?mode=Info&amp;id=85698
2,Bacteria,Acinetobacter baumannii,470,https://www.ncbi.nlm.nih.gov/Taxonomy/Browser/wwwtax.cgi?mode=Info&amp;id=470
3,Bacteria,Actinomadura madurae,1993,https://www.ncbi.nlm.nih.gov/Taxonomy/Browser/wwwtax.cgi?mode=Info&amp;id=1993
4,Bacteria,Actinomadura pelletieri,111805,https://www.ncbi.nlm.nih.gov/Taxonomy/Browser/wwwtax.cgi?mode=Info&amp;id=111805
5,Bacteria,Actinomyces gerencseriae,52769,https://www.ncbi.nlm.nih.gov/Taxonomy/Browser/wwwtax.cgi?mode=Info&amp;id=52769
6,Bacteria,Actinomyces israelii,1659,https://www.ncbi.nlm.nih.gov/Taxonomy/Browser/wwwtax.cgi?mode=Info&amp;id=1659
7,Bacteria,Actinotignum schaalii,59505,https://www.ncbi.nlm.nih.gov/Taxonomy/Browser/wwwtax.cgi?mode=Info&amp;id=59505
8,Bacteria,Aerococcus sanguinicola,119206,https://www.ncbi.nlm.nih.gov/Taxonomy/Browser/wwwtax.cgi?mode=Info&amp;id=119206
9,Bacteria,Aerococcus urinae,1376,https://www.ncbi.nlm.nih.gov/Taxonomy/Browser/wwwtax.cgi?mode=Info&amp;id=1376
10,Bacteria,Aeromonas caviae,648,https://www.ncbi.nlm.nih.gov/Taxonomy/Browser/wwwtax.cgi?mode=Info&amp;id=648
11,Bacteria,Aeromonas hydrophila,644,https://www.ncbi.nlm.nih.gov/Taxonomy/Browser/wwwtax.cgi?mode=Info&amp;id=644
12,Bacteria,Aeromonas veronii,654,https://www.ncbi.nlm.nih.gov/Taxonomy/Browser/wwwtax.cgi?mode=Info&amp;id=654
13,Bacteria,Aggregatibacter actinomycetemcomitans,714,https://www.ncbi.nlm.nih.gov/Taxonomy/Browser/wwwtax.cgi?mode=Info&amp;id=714
14,Bacteria,Aggregatibacter aphrophilus,732,https://www.ncbi.nlm.nih.gov/Taxonomy/Browser/wwwtax.cgi?mode=Info&amp;id=732
15,Bacteria,Agrobacterium tumefaciens,358,https://www.ncbi.nlm.nih.gov/Taxonomy/Browser/wwwtax.cgi?mode=Info&amp;id=358
16,Bacteria,Anaplasma phagocytophilum,948,https://www.ncbi.nlm.nih.gov/Taxonomy/Browser/wwwtax.cgi?mode=Info&amp;id=948
17,Bacteria,Arcanobacterium haemolyticum,28264,https://www.ncbi.nlm.nih.gov/Taxonomy/Browser/wwwtax.cgi?mode=Info&amp;id=28264
18,Bacteria,Aliarcobacter butzleri,28197,https://www.ncbi.nlm.nih.gov/Taxonomy/Browser/wwwtax.cgi?mode=Info&amp;id=28197
19,Bacteria,Bacillus anthracis,1392,https://www.ncbi.nlm.nih.gov/Taxonomy/Browser/wwwtax.cgi?mode=Info&amp;id=1392
20,Bacteria,Brevibacillus brevis,1393,https://www.ncbi.nlm.nih.gov/Taxonomy/Browser/wwwtax.cgi?mode=Info&amp;id=1393
21,Bacteria,Bacillus cereus,1396,https://www.ncbi.nlm.nih.gov/Taxonomy/Browser/wwwtax.cgi?mode=Info&amp;id=1396
22,Bacteria,Bacillus licheniformis,1402,https://www.ncbi.nlm.nih.gov/Taxonomy/Browser/wwwtax.cgi?mode=Info&amp;id=1402
23,Bacteria,Bartonella bacilliformis,774,https://www.ncbi.nlm.nih.gov/Taxonomy/Browser/wwwtax.cgi?mode=Info&amp;id=774
24,Bacteria,Bartonella clarridgeiae,56426,https://www.ncbi.nlm.nih.gov/Taxonomy/Browser/wwwtax.cgi?mode=Info&amp;id=56426
25,Bacteria,Bartonella elizabethae,807,https://www.ncbi.nlm.nih.gov/Taxonomy/Browser/wwwtax.cgi?mode=Info&amp;id=807
26,Bacteria,Bartonella grahamii,33045,https://www.ncbi.nlm.nih.gov/Taxonomy/Browser/wwwtax.cgi?mode=Info&amp;id=33045
27,Bacteria,Bartonella henselae,38323,https://www.ncbi.nlm.nih.gov/Taxonomy/Browser/wwwtax.cgi?mode=Info&amp;id=38323
28,Bacteria,Bartonella quintana,803,https://www.ncbi.nlm.nih.gov/Taxonomy/Browser/wwwtax.cgi?mode=Info&amp;id=803
29,Bacteria,Bordetella bronchiseptica,518,https://www.ncbi.nlm.nih.gov/Taxonomy/Browser/wwwtax.cgi?mode=Info&amp;id=518
30,Bacteria,Bordetella parapertussis,519,https://www.ncbi.nlm.nih.gov/Taxonomy/Browser/wwwtax.cgi?mode=Info&amp;id=519
31,Bacteria,Bordetella pertussis,520,https://www.ncbi.nlm.nih.gov/Taxonomy/Browser/wwwtax.cgi?mode=Info&amp;id=520
32,Bacteria,Borreliella burgdorferi,139,https://www.ncbi.nlm.nih.gov/Taxonomy/Browser/wwwtax.cgi?mode=Info&amp;id=139
33,Bacteria,Borrelia duttonii,40834,https://www.ncbi.nlm.nih.gov/Taxonomy/Browser/wwwtax.cgi?mode=Info&amp;id=40834
34,Bacteria,Borrelia hermsii,140,https://www.ncbi.nlm.nih.gov/Taxonomy/Browser/wwwtax.cgi?mode=Info&amp;id=140
35,Bacteria,Borreliella mayonii,1674146,https://www.ncbi.nlm.nih.gov/Taxonomy/Browser/wwwtax.cgi?mode=Info&amp;id=1674146
36,Bacteria,Borrelia miyamotoi,47466,https://www.ncbi.nlm.nih.gov/Taxonomy/Browser/wwwtax.cgi?mode=Info&amp;id=47466
37,Bacteria,Borrelia parkeri,141,https://www.ncbi.nlm.nih.gov/Taxonomy/Browser/wwwtax.cgi?mode=Info&amp;id=141
38,Bacteria,Borrelia recurrentis,44449,https://www.ncbi.nlm.nih.gov/Taxonomy/Browser/wwwtax.cgi?mode=Info&amp;id=44449
39,Bacteria,Borrelia turicatae,142,https://www.ncbi.nlm.nih.gov/Taxonomy/Browser/wwwtax.cgi?mode=Info&amp;id=142
40,Bacteria,Brucella abortus,235,https://www.ncbi.nlm.nih.gov/Taxonomy/Browser/wwwtax.cgi?mode=Info&amp;id=235
41,Bacteria,Brucella canis,36855,https://www.ncbi.nlm.nih.gov/Taxonomy/Browser/wwwtax.cgi?mode=Info&amp;id=36855
42,Bacteria,Brucella melitensis,29459,https://www.ncbi.nlm.nih.gov/Taxonomy/Browser/wwwtax.cgi?mode=Info&amp;id=29459
43,Bacteria,Brucella suis,29461,https://www.ncbi.nlm.nih.gov/Taxonomy/Browser/wwwtax.cgi?mode=Info&amp;id=29461
44,Bacteria,Burkholderia cenocepacia,95486,https://www.ncbi.nlm.nih.gov/Taxonomy/Browser/wwwtax.cgi?mode=Info&amp;id=95486
45,Bacteria,Burkholderia cepacia,292,https://www.ncbi.nlm.nih.gov/Taxonomy/Browser/wwwtax.cgi?mode=Info&amp;id=292
46,Bacteria,Burkholderia mallei,13373,https://www.ncbi.nlm.nih.gov/Taxonomy/Browser/wwwtax.cgi?mode=Info&amp;id=13373
47,Bacteria,Burkholderia pseudomallei,28450,https://www.ncbi.nlm.nih.gov/Taxonomy/Browser/wwwtax.cgi?mode=Info&amp;id=28450
48,Bacteria,Campylobacter coli,195,https://www.ncbi.nlm.nih.gov/Taxonomy/Browser/wwwtax.cgi?mode=Info&amp;id=195
49,Bacteria,Campylobacter curvus,200,https://www.ncbi.nlm.nih.gov/Taxonomy/Browser/wwwtax.cgi?mode=Info&amp;id=200
50,Bacteria,Campylobacter fetus,196,https://www.ncbi.nlm.nih.gov/Taxonomy/Browser/wwwtax.cgi?mode=Info&amp;id=196
51,Bacteria,Campylobacter jejuni,197,https://www.ncbi.nlm.nih.gov/Taxonomy/Browser/wwwtax.cgi?mode=Info&amp;id=197
52,Bacteria,Campylobacter lari,201,https://www.ncbi.nlm.nih.gov/Taxonomy/Browser/wwwtax.cgi?mode=Info&amp;id=201
53,Bacteria,Cardiobacterium hominis,2718,https://www.ncbi.nlm.nih.gov/Taxonomy/Browser/wwwtax.cgi?mode=Info&amp;id=2718
54,Bacteria,Chlamydia pneumoniae,83558,https://www.ncbi.nlm.nih.gov/Taxonomy/Browser/wwwtax.cgi?mode=Info&amp;id=83558
55,Bacteria,Chlamydia psittaci,83554,https://www.ncbi.nlm.nih.gov/Taxonomy/Browser/wwwtax.cgi?mode=Info&amp;id=83554
56,Bacteria,Chlamydia trachomatis,813,https://www.ncbi.nlm.nih.gov/Taxonomy/Browser/wwwtax.cgi?mode=Info&amp;id=813
57,Bacteria,Citrobacter freundii,546,https://www.ncbi.nlm.nih.gov/Taxonomy/Browser/wwwtax.cgi?mode=Info&amp;id=546
58,Bacteria,Paraclostridium bifermentans,1490,https://www.ncbi.nlm.nih.gov/Taxonomy/Browser/wwwtax.cgi?mode=Info&amp;id=1490
59,Bacteria,Clostridium botulinum,1491,https://www.ncbi.nlm.nih.gov/Taxonomy/Browser/wwwtax.cgi?mode=Info&amp;id=1491
60,Bacteria,Clostridioides difficile,1496,https://www.ncbi.nlm.nih.gov/Taxonomy/Browser/wwwtax.cgi?mode=Info&amp;id=1496
61,Bacteria,Clostridium perfringens,1502,https://www.ncbi.nlm.nih.gov/Taxonomy/Browser/wwwtax.cgi?mode=Info&amp;id=1502
62,Bacteria,Clostridium septicum,1504,https://www.ncbi.nlm.nih.gov/Taxonomy/Browser/wwwtax.cgi?mode=Info&amp;id=1504
63,Bacteria,Clostridium tetani,1513,https://www.ncbi.nlm.nih.gov/Taxonomy/Browser/wwwtax.cgi?mode=Info&amp;id=1513
64,Bacteria,Corynebacterium diphtheriae,1717,https://www.ncbi.nlm.nih.gov/Taxonomy/Browser/wwwtax.cgi?mode=Info&amp;id=1717
65,Bacteria,Corynebacterium minutissimum,38301,https://www.ncbi.nlm.nih.gov/Taxonomy/Browser/wwwtax.cgi?mode=Info&amp;id=38301
66,Bacteria,Trueperella pyogenes,1661,https://www.ncbi.nlm.nih.gov/Taxonomy/Browser/wwwtax.cgi?mode=Info&amp;id=1661
67,Bacteria,Corynebacterium striatum,43770,https://www.ncbi.nlm.nih.gov/Taxonomy/Browser/wwwtax.cgi?mode=Info&amp;id=43770
68,Bacteria,Corynebacterium ulcerans,65058,https://www.ncbi.nlm.nih.gov/Taxonomy/Browser/wwwtax.cgi?mode=Info&amp;id=65058
69,Bacteria,Coxiella burnetii,777,https://www.ncbi.nlm.nih.gov/Taxonomy/Browser/wwwtax.cgi?mode=Info&amp;id=777
70,Bacteria,Cronobacter sakazakii,28141,https://www.ncbi.nlm.nih.gov/Taxonomy/Browser/wwwtax.cgi?mode=Info&amp;id=28141
71,Bacteria,Cronobacter turicensis,413502,https://www.ncbi.nlm.nih.gov/Taxonomy/Browser/wwwtax.cgi?mode=Info&amp;id=413502
72,Bacteria,Edwardsiella tarda,636,https://www.ncbi.nlm.nih.gov/Taxonomy/Browser/wwwtax.cgi?mode=Info&amp;id=636
73,Bacteria,Ehrlichia chaffeensis,945,https://www.ncbi.nlm.nih.gov/Taxonomy/Browser/wwwtax.cgi?mode=Info&amp;id=945
74,Bacteria,Ehrlichia ewingii,947,https://www.ncbi.nlm.nih.gov/Taxonomy/Browser/wwwtax.cgi?mode=Info&amp;id=947
75,Bacteria,Ehrlichia muris,35795,https://www.ncbi.nlm.nih.gov/Taxonomy/Browser/wwwtax.cgi?mode=Info&amp;id=35795
76,Bacteria,Eikenella corrodens,539,https://www.ncbi.nlm.nih.gov/Taxonomy/Browser/wwwtax.cgi?mode=Info&amp;id=539
77,Bacteria,Elizabethkingia anophelis,1117645,https://www.ncbi.nlm.nih.gov/Taxonomy/Browser/wwwtax.cgi?mode=Info&amp;id=1117645
78,Bacteria,Elizabethkingia meningoseptica,238,https://www.ncbi.nlm.nih.gov/Taxonomy/Browser/wwwtax.cgi?mode=Info&amp;id=238
79,Bacteria,Enterobacter cloacae,550,https://www.ncbi.nlm.nih.gov/Taxonomy/Browser/wwwtax.cgi?mode=Info&amp;id=550
80,Bacteria,Klebsiella aerogenes,548,https://www.ncbi.nlm.nih.gov/Taxonomy/Browser/wwwtax.cgi?mode=Info&amp;id=548
81,Bacteria,Enterococcus avium,33945,https://www.ncbi.nlm.nih.gov/Taxonomy/Browser/wwwtax.cgi?mode=Info&amp;id=33945
82,Bacteria,Enterococcus faecalis,1351,https://www.ncbi.nlm.nih.gov/Taxonomy/Browser/wwwtax.cgi?mode=Info&amp;id=1351
83,Bacteria,Enterococcus faecium,1352,https://www.ncbi.nlm.nih.gov/Taxonomy/Browser/wwwtax.cgi?mode=Info&amp;id=1352
84,Bacteria,Enterococcus gallinarum,1353,https://www.ncbi.nlm.nih.gov/Taxonomy/Browser/wwwtax.cgi?mode=Info&amp;id=1353
85,Bacteria,Erysipelothrix rhusiopathiae,1648,https://www.ncbi.nlm.nih.gov/Taxonomy/Browser/wwwtax.cgi?mode=Info&amp;id=1648
86,Bacteria,Escherichia coli,562,https://www.ncbi.nlm.nih.gov/Taxonomy/Browser/wwwtax.cgi?mode=Info&amp;id=562
87,Bacteria,Legionella bozemanae,447,https://www.ncbi.nlm.nih.gov/Taxonomy/Browser/wwwtax.cgi?mode=Info&amp;id=447
88,Bacteria,Francisella tularensis,263,https://www.ncbi.nlm.nih.gov/Taxonomy/Browser/wwwtax.cgi?mode=Info&amp;id=263
89,Bacteria,Fusobacterium necrophorum,859,https://www.ncbi.nlm.nih.gov/Taxonomy/Browser/wwwtax.cgi?mode=Info&amp;id=859
90,Bacteria,Fusobacterium nucleatum,851,https://www.ncbi.nlm.nih.gov/Taxonomy/Browser/wwwtax.cgi?mode=Info&amp;id=851
91,Bacteria,Gardnerella vaginalis,2702,https://www.ncbi.nlm.nih.gov/Taxonomy/Browser/wwwtax.cgi?mode=Info&amp;id=2702
92,Bacteria,Haemophilus aegyptius,197575,https://www.ncbi.nlm.nih.gov/Taxonomy/Browser/wwwtax.cgi?mode=Info&amp;id=197575
93,Bacteria,[Haemophilus] ducreyi,730,https://www.ncbi.nlm.nih.gov/Taxonomy/Browser/wwwtax.cgi?mode=Info&amp;id=730
94,Bacteria,Haemophilus influenzae,727,https://www.ncbi.nlm.nih.gov/Taxonomy/Browser/wwwtax.cgi?mode=Info&amp;id=727
95,Bacteria,Haemophilus parainfluenzae,729,https://www.ncbi.nlm.nih.gov/Taxonomy/Browser/wwwtax.cgi?mode=Info&amp;id=729
96,Bacteria,Helicobacter pylori,210,https://www.ncbi.nlm.nih.gov/Taxonomy/Browser/wwwtax.cgi?mode=Info&amp;id=210
97,Bacteria,Kingella denitrificans,502,https://www.ncbi.nlm.nih.gov/Taxonomy/Browser/wwwtax.cgi?mode=Info&amp;id=502
98,Bacteria,Suttonella indologenes,13276,https://www.ncbi.nlm.nih.gov/Taxonomy/Browser/wwwtax.cgi?mode=Info&amp;id=13276
99,Bacteria,Kingella kingae,504,https://www.ncbi.nlm.nih.gov/Taxonomy/Browser/wwwtax.cgi?mode=Info&amp;id=504
100,Bacteria,Klebsiella granulomatis,39824,https://www.ncbi.nlm.nih.gov/Taxonomy/Browser/wwwtax.cgi?mode=Info&amp;id=39824
101,Bacteria,Klebsiella oxytoca,571,https://www.ncbi.nlm.nih.gov/Taxonomy/Browser/wwwtax.cgi?mode=Info&amp;id=571
102,Bacteria,Klebsiella pneumoniae,573,https://www.ncbi.nlm.nih.gov/Taxonomy/Browser/wwwtax.cgi?mode=Info&amp;id=573
103,Bacteria,Legionella micdadei,451,https://www.ncbi.nlm.nih.gov/Taxonomy/Browser/wwwtax.cgi?mode=Info&amp;id=451
104,Bacteria,Legionella pneumophila,446,https://www.ncbi.nlm.nih.gov/Taxonomy/Browser/wwwtax.cgi?mode=Info&amp;id=446
105,Bacteria,Leptospira alexanderi,100053,https://www.ncbi.nlm.nih.gov/Taxonomy/Browser/wwwtax.cgi?mode=Info&amp;id=100053
106,Bacteria,Leptospira alstonii,28452,https://www.ncbi.nlm.nih.gov/Taxonomy/Browser/wwwtax.cgi?mode=Info&amp;id=28452
107,Bacteria,Leptospira borgpetersenii,174,https://www.ncbi.nlm.nih.gov/Taxonomy/Browser/wwwtax.cgi?mode=Info&amp;id=174
108,Bacteria,Leptospira interrogans,173,https://www.ncbi.nlm.nih.gov/Taxonomy/Browser/wwwtax.cgi?mode=Info&amp;id=173
109,Bacteria,Leptospira kirschneri,29507,https://www.ncbi.nlm.nih.gov/Taxonomy/Browser/wwwtax.cgi?mode=Info&amp;id=29507
110,Bacteria,Leptospira kmetyi,408139,https://www.ncbi.nlm.nih.gov/Taxonomy/Browser/wwwtax.cgi?mode=Info&amp;id=408139
111,Bacteria,Leptospira mayottensis,1137606,https://www.ncbi.nlm.nih.gov/Taxonomy/Browser/wwwtax.cgi?mode=Info&amp;id=1137606
112,Bacteria,Leptospira noguchii,28182,https://www.ncbi.nlm.nih.gov/Taxonomy/Browser/wwwtax.cgi?mode=Info&amp;id=28182
113,Bacteria,Leptospira santarosai,28183,https://www.ncbi.nlm.nih.gov/Taxonomy/Browser/wwwtax.cgi?mode=Info&amp;id=28183
114,Bacteria,Leptospira weilii,28184,https://www.ncbi.nlm.nih.gov/Taxonomy/Browser/wwwtax.cgi?mode=Info&amp;id=28184
115,Bacteria,Listeria monocytogenes,1639,https://www.ncbi.nlm.nih.gov/Taxonomy/Browser/wwwtax.cgi?mode=Info&amp;id=1639
116,Bacteria,Malacoplasma penetrans,28227,https://www.ncbi.nlm.nih.gov/Taxonomy/Browser/wwwtax.cgi?mode=Info&amp;id=28227
117,Bacteria,Methylorubrum extorquens,408,https://www.ncbi.nlm.nih.gov/Taxonomy/Browser/wwwtax.cgi?mode=Info&amp;id=408
118,Bacteria,Moraxella catarrhalis,480,https://www.ncbi.nlm.nih.gov/Taxonomy/Browser/wwwtax.cgi?mode=Info&amp;id=480
119,Bacteria,Moraxella lacunata,477,https://www.ncbi.nlm.nih.gov/Taxonomy/Browser/wwwtax.cgi?mode=Info&amp;id=477
120,Bacteria,Moraxella nonliquefaciens,478,https://www.ncbi.nlm.nih.gov/Taxonomy/Browser/wwwtax.cgi?mode=Info&amp;id=478
121,Bacteria,Morganella morganii,582,https://www.ncbi.nlm.nih.gov/Taxonomy/Browser/wwwtax.cgi?mode=Info&amp;id=582
122,Bacteria,Mycobacteroides abscessus,36809,https://www.ncbi.nlm.nih.gov/Taxonomy/Browser/wwwtax.cgi?mode=Info&amp;id=36809
123,Bacteria,Mycobacterium tuberculosis,1773,https://www.ncbi.nlm.nih.gov/Taxonomy/Browser/wwwtax.cgi?mode=Info&amp;id=1773
124,Bacteria,Mycobacterium avium,1764,https://www.ncbi.nlm.nih.gov/Taxonomy/Browser/wwwtax.cgi?mode=Info&amp;id=1764
125,Bacteria,Mycobacteroides chelonae,1774,https://www.ncbi.nlm.nih.gov/Taxonomy/Browser/wwwtax.cgi?mode=Info&amp;id=1774
126,Bacteria,Mycolicibacterium fortuitum,1766,https://www.ncbi.nlm.nih.gov/Taxonomy/Browser/wwwtax.cgi?mode=Info&amp;id=1766
127,Bacteria,Mycobacterium intracellulare,1767,https://www.ncbi.nlm.nih.gov/Taxonomy/Browser/wwwtax.cgi?mode=Info&amp;id=1767
128,Bacteria,Mycobacterium kansasii,1768,https://www.ncbi.nlm.nih.gov/Taxonomy/Browser/wwwtax.cgi?mode=Info&amp;id=1768
129,Bacteria,Mycobacterium leprae,1769,https://www.ncbi.nlm.nih.gov/Taxonomy/Browser/wwwtax.cgi?mode=Info&amp;id=1769
130,Bacteria,Mycobacterium lepromatosis,480418,https://www.ncbi.nlm.nih.gov/Taxonomy/Browser/wwwtax.cgi?mode=Info&amp;id=480418
131,Bacteria,Mycobacterium malmoense,1780,https://www.ncbi.nlm.nih.gov/Taxonomy/Browser/wwwtax.cgi?mode=Info&amp;id=1780
132,Bacteria,Mycobacterium marinum,1781,https://www.ncbi.nlm.nih.gov/Taxonomy/Browser/wwwtax.cgi?mode=Info&amp;id=1781
133,Bacteria,Mycobacterium scrofulaceum,1783,https://www.ncbi.nlm.nih.gov/Taxonomy/Browser/wwwtax.cgi?mode=Info&amp;id=1783
134,Bacteria,Mycobacterium simiae,1784,https://www.ncbi.nlm.nih.gov/Taxonomy/Browser/wwwtax.cgi?mode=Info&amp;id=1784
135,Bacteria,Mycolicibacterium smegmatis,1772,https://www.ncbi.nlm.nih.gov/Taxonomy/Browser/wwwtax.cgi?mode=Info&amp;id=1772
136,Bacteria,Mycobacterium szulgai,1787,https://www.ncbi.nlm.nih.gov/Taxonomy/Browser/wwwtax.cgi?mode=Info&amp;id=1787
137,Bacteria,Mycolicibacter terrae,1788,https://www.ncbi.nlm.nih.gov/Taxonomy/Browser/wwwtax.cgi?mode=Info&amp;id=1788
138,Bacteria,Mycobacterium ulcerans,1809,https://www.ncbi.nlm.nih.gov/Taxonomy/Browser/wwwtax.cgi?mode=Info&amp;id=1809
139,Bacteria,Mycolicibacterium wolinskyi,59750,https://www.ncbi.nlm.nih.gov/Taxonomy/Browser/wwwtax.cgi?mode=Info&amp;id=59750
140,Bacteria,Mycobacterium xenopi,1789,https://www.ncbi.nlm.nih.gov/Taxonomy/Browser/wwwtax.cgi?mode=Info&amp;id=1789
141,Bacteria,Mycoplasmoides genitalium,2097,https://www.ncbi.nlm.nih.gov/Taxonomy/Browser/wwwtax.cgi?mode=Info&amp;id=2097
142,Bacteria,Metamycoplasma hominis,2098,https://www.ncbi.nlm.nih.gov/Taxonomy/Browser/wwwtax.cgi?mode=Info&amp;id=2098
143,Bacteria,Mycoplasmoides pneumoniae,2104,https://www.ncbi.nlm.nih.gov/Taxonomy/Browser/wwwtax.cgi?mode=Info&amp;id=2104
144,Bacteria,Metamycoplasma salivarium,2124,https://www.ncbi.nlm.nih.gov/Taxonomy/Browser/wwwtax.cgi?mode=Info&amp;id=2124
145,Bacteria,Mycoplasmopsis caviae,55603,https://www.ncbi.nlm.nih.gov/Taxonomy/Browser/wwwtax.cgi?mode=Info&amp;id=55603
146,Bacteria,Mycoplasmopsis fermentans,2115,https://www.ncbi.nlm.nih.gov/Taxonomy/Browser/wwwtax.cgi?mode=Info&amp;id=2115
147,Bacteria,Neisseria gonorrhoeae,485,https://www.ncbi.nlm.nih.gov/Taxonomy/Browser/wwwtax.cgi?mode=Info&amp;id=485
148,Bacteria,Neisseria meningitidis,487,https://www.ncbi.nlm.nih.gov/Taxonomy/Browser/wwwtax.cgi?mode=Info&amp;id=487
149,Bacteria,Neorickettsia sennetsu,951,https://www.ncbi.nlm.nih.gov/Taxonomy/Browser/wwwtax.cgi?mode=Info&amp;id=951
150,Bacteria,Nocardia asteroides,1824,https://www.ncbi.nlm.nih.gov/Taxonomy/Browser/wwwtax.cgi?mode=Info&amp;id=1824
151,Bacteria,Nocardia brasiliensis,37326,https://www.ncbi.nlm.nih.gov/Taxonomy/Browser/wwwtax.cgi?mode=Info&amp;id=37326
152,Bacteria,Nocardia farcinica,37329,https://www.ncbi.nlm.nih.gov/Taxonomy/Browser/wwwtax.cgi?mode=Info&amp;id=37329
153,Bacteria,Nocardia nova,37330,https://www.ncbi.nlm.nih.gov/Taxonomy/Browser/wwwtax.cgi?mode=Info&amp;id=37330
154,Bacteria,Nocardia otitidiscaviarum,1823,https://www.ncbi.nlm.nih.gov/Taxonomy/Browser/wwwtax.cgi?mode=Info&amp;id=1823
155,Bacteria,Orientia tsutsugamushi,784,https://www.ncbi.nlm.nih.gov/Taxonomy/Browser/wwwtax.cgi?mode=Info&amp;id=784
156,Bacteria,Pasteurella multocida,747,https://www.ncbi.nlm.nih.gov/Taxonomy/Browser/wwwtax.cgi?mode=Info&amp;id=747
157,Bacteria,Peptostreptococcus anaerobius,1261,https://www.ncbi.nlm.nih.gov/Taxonomy/Browser/wwwtax.cgi?mode=Info&amp;id=1261
158,Bacteria,Peptoniphilus asaccharolyticus,1258,https://www.ncbi.nlm.nih.gov/Taxonomy/Browser/wwwtax.cgi?mode=Info&amp;id=1258
159,Bacteria,Finegoldia magna,1260,https://www.ncbi.nlm.nih.gov/Taxonomy/Browser/wwwtax.cgi?mode=Info&amp;id=1260
160,Bacteria,Parvimonas micra,33033,https://www.ncbi.nlm.nih.gov/Taxonomy/Browser/wwwtax.cgi?mode=Info&amp;id=33033
161,Bacteria,Anaerococcus prevotii,33034,https://www.ncbi.nlm.nih.gov/Taxonomy/Browser/wwwtax.cgi?mode=Info&amp;id=33034
162,Bacteria,Photobacterium damselae,38293,https://www.ncbi.nlm.nih.gov/Taxonomy/Browser/wwwtax.cgi?mode=Info&amp;id=38293
163,Bacteria,Plesiomonas shigelloides,703,https://www.ncbi.nlm.nih.gov/Taxonomy/Browser/wwwtax.cgi?mode=Info&amp;id=703
164,Bacteria,Porphyromonas gingivalis,837,https://www.ncbi.nlm.nih.gov/Taxonomy/Browser/wwwtax.cgi?mode=Info&amp;id=837
165,Bacteria,Prevotella bivia,28125,https://www.ncbi.nlm.nih.gov/Taxonomy/Browser/wwwtax.cgi?mode=Info&amp;id=28125
166,Bacteria,Prevotella intermedia,28131,https://www.ncbi.nlm.nih.gov/Taxonomy/Browser/wwwtax.cgi?mode=Info&amp;id=28131
167,Bacteria,Prevotella melaninogenica,28132,https://www.ncbi.nlm.nih.gov/Taxonomy/Browser/wwwtax.cgi?mode=Info&amp;id=28132
168,Bacteria,Proteus mirabilis,584,https://www.ncbi.nlm.nih.gov/Taxonomy/Browser/wwwtax.cgi?mode=Info&amp;id=584
169,Bacteria,Proteus penneri,102862,https://www.ncbi.nlm.nih.gov/Taxonomy/Browser/wwwtax.cgi?mode=Info&amp;id=102862
170,Bacteria,Proteus vulgaris,585,https://www.ncbi.nlm.nih.gov/Taxonomy/Browser/wwwtax.cgi?mode=Info&amp;id=585
171,Bacteria,Providencia alcalifaciens,126385,https://www.ncbi.nlm.nih.gov/Taxonomy/Browser/wwwtax.cgi?mode=Info&amp;id=126385
172,Bacteria,Providencia rettgeri,587,https://www.ncbi.nlm.nih.gov/Taxonomy/Browser/wwwtax.cgi?mode=Info&amp;id=587
173,Bacteria,Pseudomonas aeruginosa,287,https://www.ncbi.nlm.nih.gov/Taxonomy/Browser/wwwtax.cgi?mode=Info&amp;id=287
174,Bacteria,Pseudomonas fluorescens,294,https://www.ncbi.nlm.nih.gov/Taxonomy/Browser/wwwtax.cgi?mode=Info&amp;id=294
175,Bacteria,Pseudomonas putida,303,https://www.ncbi.nlm.nih.gov/Taxonomy/Browser/wwwtax.cgi?mode=Info&amp;id=303
176,Bacteria,Ralstonia pickettii,329,https://www.ncbi.nlm.nih.gov/Taxonomy/Browser/wwwtax.cgi?mode=Info&amp;id=329
177,Bacteria,Prescottella equi,43767,https://www.ncbi.nlm.nih.gov/Taxonomy/Browser/wwwtax.cgi?mode=Info&amp;id=43767
178,Bacteria,Rickettsia africae,35788,https://www.ncbi.nlm.nih.gov/Taxonomy/Browser/wwwtax.cgi?mode=Info&amp;id=35788
179,Bacteria,Rickettsia akari,786,https://www.ncbi.nlm.nih.gov/Taxonomy/Browser/wwwtax.cgi?mode=Info&amp;id=786
180,Bacteria,Rickettsia australis,787,https://www.ncbi.nlm.nih.gov/Taxonomy/Browser/wwwtax.cgi?mode=Info&amp;id=787
181,Bacteria,Rickettsia canadensis,788,https://www.ncbi.nlm.nih.gov/Taxonomy/Browser/wwwtax.cgi?mode=Info&amp;id=788
182,Bacteria,Rickettsia conorii,781,https://www.ncbi.nlm.nih.gov/Taxonomy/Browser/wwwtax.cgi?mode=Info&amp;id=781
183,Bacteria,Rickettsia felis,42862,https://www.ncbi.nlm.nih.gov/Taxonomy/Browser/wwwtax.cgi?mode=Info&amp;id=42862
184,Bacteria,Rickettsia helvetica,35789,https://www.ncbi.nlm.nih.gov/Taxonomy/Browser/wwwtax.cgi?mode=Info&amp;id=35789
185,Bacteria,Rickettsia honei,37816,https://www.ncbi.nlm.nih.gov/Taxonomy/Browser/wwwtax.cgi?mode=Info&amp;id=37816
186,Bacteria,Rickettsia japonica,35790,https://www.ncbi.nlm.nih.gov/Taxonomy/Browser/wwwtax.cgi?mode=Info&amp;id=35790
187,Bacteria,Rickettsia montanensis,33991,https://www.ncbi.nlm.nih.gov/Taxonomy/Browser/wwwtax.cgi?mode=Info&amp;id=33991
188,Bacteria,Rickettsia parkeri,35792,https://www.ncbi.nlm.nih.gov/Taxonomy/Browser/wwwtax.cgi?mode=Info&amp;id=35792
189,Bacteria,Rickettsia prowazekii,782,https://www.ncbi.nlm.nih.gov/Taxonomy/Browser/wwwtax.cgi?mode=Info&amp;id=782
190,Bacteria,Rickettsia rickettsii,783,https://www.ncbi.nlm.nih.gov/Taxonomy/Browser/wwwtax.cgi?mode=Info&amp;id=783
191,Bacteria,Rickettsia sibirica,35793,https://www.ncbi.nlm.nih.gov/Taxonomy/Browser/wwwtax.cgi?mode=Info&amp;id=35793
192,Bacteria,Rickettsia typhi,785,https://www.ncbi.nlm.nih.gov/Taxonomy/Browser/wwwtax.cgi?mode=Info&amp;id=785
193,Bacteria,Rothia dentocariosa,2047,https://www.ncbi.nlm.nih.gov/Taxonomy/Browser/wwwtax.cgi?mode=Info&amp;id=2047
194,Bacteria,Salmonella bongori,54736,https://www.ncbi.nlm.nih.gov/Taxonomy/Browser/wwwtax.cgi?mode=Info&amp;id=54736
195,Bacteria,Salmonella enterica,28901,https://www.ncbi.nlm.nih.gov/Taxonomy/Browser/wwwtax.cgi?mode=Info&amp;id=28901
196,Bacteria,Shigella dysenteriae,622,https://www.ncbi.nlm.nih.gov/Taxonomy/Browser/wwwtax.cgi?mode=Info&amp;id=622
197,Bacteria,Serratia marcescens,615,https://www.ncbi.nlm.nih.gov/Taxonomy/Browser/wwwtax.cgi?mode=Info&amp;id=615
198,Bacteria,Shewanella algae,38313,https://www.ncbi.nlm.nih.gov/Taxonomy/Browser/wwwtax.cgi?mode=Info&amp;id=38313
199,Bacteria,Shigella boydii,621,https://www.ncbi.nlm.nih.gov/Taxonomy/Browser/wwwtax.cgi?mode=Info&amp;id=621
200,Bacteria,Shigella flexneri,623,https://www.ncbi.nlm.nih.gov/Taxonomy/Browser/wwwtax.cgi?mode=Info&amp;id=623
201,Bacteria,Shigella sonnei,624,https://www.ncbi.nlm.nih.gov/Taxonomy/Browser/wwwtax.cgi?mode=Info&amp;id=624
202,Bacteria,Staphylococcus aureus,1280,https://www.ncbi.nlm.nih.gov/Taxonomy/Browser/wwwtax.cgi?mode=Info&amp;id=1280
203,Bacteria,Staphylococcus capitis,29388,https://www.ncbi.nlm.nih.gov/Taxonomy/Browser/wwwtax.cgi?mode=Info&amp;id=29388
204,Bacteria,Staphylococcus epidermidis,1282,https://www.ncbi.nlm.nih.gov/Taxonomy/Browser/wwwtax.cgi?mode=Info&amp;id=1282
205,Bacteria,Staphylococcus haemolyticus,1283,https://www.ncbi.nlm.nih.gov/Taxonomy/Browser/wwwtax.cgi?mode=Info&amp;id=1283
206,Bacteria,Staphylococcus lugdunensis,28035,https://www.ncbi.nlm.nih.gov/Taxonomy/Browser/wwwtax.cgi?mode=Info&amp;id=28035
207,Bacteria,Staphylococcus pseudintermedius,283734,https://www.ncbi.nlm.nih.gov/Taxonomy/Browser/wwwtax.cgi?mode=Info&amp;id=283734
208,Bacteria,Staphylococcus saccharolyticus,33028,https://www.ncbi.nlm.nih.gov/Taxonomy/Browser/wwwtax.cgi?mode=Info&amp;id=33028
209,Bacteria,Staphylococcus saprophyticus,29385,https://www.ncbi.nlm.nih.gov/Taxonomy/Browser/wwwtax.cgi?mode=Info&amp;id=29385
210,Bacteria,Stenotrophomonas maltophilia,40324,https://www.ncbi.nlm.nih.gov/Taxonomy/Browser/wwwtax.cgi?mode=Info&amp;id=40324
211,Bacteria,Streptobacillus moniliformis,34105,https://www.ncbi.nlm.nih.gov/Taxonomy/Browser/wwwtax.cgi?mode=Info&amp;id=34105
212,Bacteria,Streptococcus agalactiae,1311,https://www.ncbi.nlm.nih.gov/Taxonomy/Browser/wwwtax.cgi?mode=Info&amp;id=1311
213,Bacteria,Streptococcus anginosus,1328,https://www.ncbi.nlm.nih.gov/Taxonomy/Browser/wwwtax.cgi?mode=Info&amp;id=1328
214,Bacteria,Streptococcus equinus,1335,https://www.ncbi.nlm.nih.gov/Taxonomy/Browser/wwwtax.cgi?mode=Info&amp;id=1335
215,Bacteria,Streptococcus criceti,1333,https://www.ncbi.nlm.nih.gov/Taxonomy/Browser/wwwtax.cgi?mode=Info&amp;id=1333
216,Bacteria,Streptococcus dysgalactiae,1334,https://www.ncbi.nlm.nih.gov/Taxonomy/Browser/wwwtax.cgi?mode=Info&amp;id=1334
217,Bacteria,Streptococcus equi,1336,https://www.ncbi.nlm.nih.gov/Taxonomy/Browser/wwwtax.cgi?mode=Info&amp;id=1336
218,Bacteria,Streptococcus gordonii,1302,https://www.ncbi.nlm.nih.gov/Taxonomy/Browser/wwwtax.cgi?mode=Info&amp;id=1302
219,Bacteria,Streptococcus iniae,1346,https://www.ncbi.nlm.nih.gov/Taxonomy/Browser/wwwtax.cgi?mode=Info&amp;id=1346
220,Bacteria,Streptococcus mitis,28037,https://www.ncbi.nlm.nih.gov/Taxonomy/Browser/wwwtax.cgi?mode=Info&amp;id=28037
221,Bacteria,Streptococcus mutans,1309,https://www.ncbi.nlm.nih.gov/Taxonomy/Browser/wwwtax.cgi?mode=Info&amp;id=1309
222,Bacteria,Streptococcus oralis,1303,https://www.ncbi.nlm.nih.gov/Taxonomy/Browser/wwwtax.cgi?mode=Info&amp;id=1303
223,Bacteria,Streptococcus pneumoniae,1313,https://www.ncbi.nlm.nih.gov/Taxonomy/Browser/wwwtax.cgi?mode=Info&amp;id=1313
224,Bacteria,Streptococcus pyogenes,1314,https://www.ncbi.nlm.nih.gov/Taxonomy/Browser/wwwtax.cgi?mode=Info&amp;id=1314
225,Bacteria,Streptococcus sanguinis,1305,https://www.ncbi.nlm.nih.gov/Taxonomy/Browser/wwwtax.cgi?mode=Info&amp;id=1305
226,Bacteria,Streptococcus sobrinus,1310,https://www.ncbi.nlm.nih.gov/Taxonomy/Browser/wwwtax.cgi?mode=Info&amp;id=1310
227,Bacteria,Streptococcus suis,1307,https://www.ncbi.nlm.nih.gov/Taxonomy/Browser/wwwtax.cgi?mode=Info&amp;id=1307
228,Bacteria,Tannerella forsythia,28112,https://www.ncbi.nlm.nih.gov/Taxonomy/Browser/wwwtax.cgi?mode=Info&amp;id=28112
229,Bacteria,Treponema denticola,158,https://www.ncbi.nlm.nih.gov/Taxonomy/Browser/wwwtax.cgi?mode=Info&amp;id=158
230,Bacteria,Brachyspira hyodysenteriae,159,https://www.ncbi.nlm.nih.gov/Taxonomy/Browser/wwwtax.cgi?mode=Info&amp;id=159
231,Bacteria,Treponema pallidum,160,https://www.ncbi.nlm.nih.gov/Taxonomy/Browser/wwwtax.cgi?mode=Info&amp;id=160
232,Bacteria,Treponema vincentii,69710,https://www.ncbi.nlm.nih.gov/Taxonomy/Browser/wwwtax.cgi?mode=Info&amp;id=69710
233,Bacteria,Tropheryma whipplei,2039,https://www.ncbi.nlm.nih.gov/Taxonomy/Browser/wwwtax.cgi?mode=Info&amp;id=2039
234,Bacteria,Ureaplasma parvum,134821,https://www.ncbi.nlm.nih.gov/Taxonomy/Browser/wwwtax.cgi?mode=Info&amp;id=134821
235,Bacteria,Ureaplasma urealyticum,2130,https://www.ncbi.nlm.nih.gov/Taxonomy/Browser/wwwtax.cgi?mode=Info&amp;id=2130
236,Bacteria,Vibrio alginolyticus,663,https://www.ncbi.nlm.nih.gov/Taxonomy/Browser/wwwtax.cgi?mode=Info&amp;id=663
237,Bacteria,Vibrio cholerae,666,https://www.ncbi.nlm.nih.gov/Taxonomy/Browser/wwwtax.cgi?mode=Info&amp;id=666
238,Bacteria,Vibrio parahaemolyticus,670,https://www.ncbi.nlm.nih.gov/Taxonomy/Browser/wwwtax.cgi?mode=Info&amp;id=670
239,Bacteria,Vibrio vulnificus,672,https://www.ncbi.nlm.nih.gov/Taxonomy/Browser/wwwtax.cgi?mode=Info&amp;id=672
240,Bacteria,Yersinia enterocolitica,630,https://www.ncbi.nlm.nih.gov/Taxonomy/Browser/wwwtax.cgi?mode=Info&amp;id=630
241,Bacteria,Yersinia pestis,632,https://www.ncbi.nlm.nih.gov/Taxonomy/Browser/wwwtax.cgi?mode=Info&amp;id=632
242,Bacteria,Yersinia pseudotuberculosis,633,https://www.ncbi.nlm.nih.gov/Taxonomy/Browser/wwwtax.cgi?mode=Info&amp;id=633
243,Eukaryota,Lichtheimia corymbifera,42458,https://www.ncbi.nlm.nih.gov/Taxonomy/Browser/wwwtax.cgi?mode=Info&amp;id=42458
244,Eukaryota,Acanthamoeba astronyxis,65658,https://www.ncbi.nlm.nih.gov/Taxonomy/Browser/wwwtax.cgi?mode=Info&amp;id=65658
245,Eukaryota,Acanthamoeba castellanii,5755,https://www.ncbi.nlm.nih.gov/Taxonomy/Browser/wwwtax.cgi?mode=Info&amp;id=5755
246,Eukaryota,Acanthamoeba culbertsoni,43142,https://www.ncbi.nlm.nih.gov/Taxonomy/Browser/wwwtax.cgi?mode=Info&amp;id=43142
247,Eukaryota,Acanthamoeba divionensis,202919,https://www.ncbi.nlm.nih.gov/Taxonomy/Browser/wwwtax.cgi?mode=Info&amp;id=202919
248,Eukaryota,Acanthamoeba hatchetti,65660,https://www.ncbi.nlm.nih.gov/Taxonomy/Browser/wwwtax.cgi?mode=Info&amp;id=65660
249,Eukaryota,Acanthamoeba lenticulata,29196,https://www.ncbi.nlm.nih.gov/Taxonomy/Browser/wwwtax.cgi?mode=Info&amp;id=29196
250,Eukaryota,Acanthamoeba lugdunensis,61605,https://www.ncbi.nlm.nih.gov/Taxonomy/Browser/wwwtax.cgi?mode=Info&amp;id=61605
251,Eukaryota,Acanthamoeba polyphaga,5757,https://www.ncbi.nlm.nih.gov/Taxonomy/Browser/wwwtax.cgi?mode=Info&amp;id=5757
252,Eukaryota,Acanthamoeba rhysodes,32599,https://www.ncbi.nlm.nih.gov/Taxonomy/Browser/wwwtax.cgi?mode=Info&amp;id=32599
253,Eukaryota,Alternaria alternata,5599,https://www.ncbi.nlm.nih.gov/Taxonomy/Browser/wwwtax.cgi?mode=Info&amp;id=5599
254,Eukaryota,Alternaria brassicicola,29001,https://www.ncbi.nlm.nih.gov/Taxonomy/Browser/wwwtax.cgi?mode=Info&amp;id=29001
255,Eukaryota,Ancylostoma duodenale,51022,https://www.ncbi.nlm.nih.gov/Taxonomy/Browser/wwwtax.cgi?mode=Info&amp;id=51022
256,Eukaryota,Ancylostoma braziliense,369059,https://www.ncbi.nlm.nih.gov/Taxonomy/Browser/wwwtax.cgi?mode=Info&amp;id=369059
257,Eukaryota,Ancylostoma caninum,29170,https://www.ncbi.nlm.nih.gov/Taxonomy/Browser/wwwtax.cgi?mode=Info&amp;id=29170
258,Eukaryota,Ancylostoma ceylanicum,53326,https://www.ncbi.nlm.nih.gov/Taxonomy/Browser/wwwtax.cgi?mode=Info&amp;id=53326
259,Eukaryota,Angiostrongylus cantonensis,6313,https://www.ncbi.nlm.nih.gov/Taxonomy/Browser/wwwtax.cgi?mode=Info&amp;id=6313
260,Eukaryota,Angiostrongylus costaricensis,334426,https://www.ncbi.nlm.nih.gov/Taxonomy/Browser/wwwtax.cgi?mode=Info&amp;id=334426
261,Eukaryota,Anisakis simplex,6269,https://www.ncbi.nlm.nih.gov/Taxonomy/Browser/wwwtax.cgi?mode=Info&amp;id=6269
262,Eukaryota,Anncaliia algerae,723287,https://www.ncbi.nlm.nih.gov/Taxonomy/Browser/wwwtax.cgi?mode=Info&amp;id=723287
263,Eukaryota,Apophysomyces variabilis,760013,https://www.ncbi.nlm.nih.gov/Taxonomy/Browser/wwwtax.cgi?mode=Info&amp;id=760013
264,Eukaryota,Moniliformis moniliformis,10237,https://www.ncbi.nlm.nih.gov/Taxonomy/Browser/wwwtax.cgi?mode=Info&amp;id=10237
265,Eukaryota,Ascaris lumbricoides,6252,https://www.ncbi.nlm.nih.gov/Taxonomy/Browser/wwwtax.cgi?mode=Info&amp;id=6252
266,Eukaryota,Ascaris suum,6253,https://www.ncbi.nlm.nih.gov/Taxonomy/Browser/wwwtax.cgi?mode=Info&amp;id=6253
267,Eukaryota,Aspergillus flavus,5059,https://www.ncbi.nlm.nih.gov/Taxonomy/Browser/wwwtax.cgi?mode=Info&amp;id=5059
268,Eukaryota,Aspergillus fumigatus,746128,https://www.ncbi.nlm.nih.gov/Taxonomy/Browser/wwwtax.cgi?mode=Info&amp;id=746128
269,Eukaryota,Aspergillus nidulans,162425,https://www.ncbi.nlm.nih.gov/Taxonomy/Browser/wwwtax.cgi?mode=Info&amp;id=162425
270,Eukaryota,Aspergillus niger,5061,https://www.ncbi.nlm.nih.gov/Taxonomy/Browser/wwwtax.cgi?mode=Info&amp;id=5061
271,Eukaryota,Aspergillus terreus,33178,https://www.ncbi.nlm.nih.gov/Taxonomy/Browser/wwwtax.cgi?mode=Info&amp;id=33178
272,Eukaryota,Babesia duncani,323732,https://www.ncbi.nlm.nih.gov/Taxonomy/Browser/wwwtax.cgi?mode=Info&amp;id=323732
273,Eukaryota,Babesia divergens,32595,https://www.ncbi.nlm.nih.gov/Taxonomy/Browser/wwwtax.cgi?mode=Info&amp;id=32595
274,Eukaryota,Babesia microti,5868,https://www.ncbi.nlm.nih.gov/Taxonomy/Browser/wwwtax.cgi?mode=Info&amp;id=5868
275,Eukaryota,Babesia sp. venatorum,171411,https://www.ncbi.nlm.nih.gov/Taxonomy/Browser/wwwtax.cgi?mode=Info&amp;id=171411
276,Eukaryota,Balamuthia mandrillaris,66527,https://www.ncbi.nlm.nih.gov/Taxonomy/Browser/wwwtax.cgi?mode=Info&amp;id=66527
277,Eukaryota,Neobalantidium coli,71585,https://www.ncbi.nlm.nih.gov/Taxonomy/Browser/wwwtax.cgi?mode=Info&amp;id=71585
278,Eukaryota,Basidiobolus ranarum,34480,https://www.ncbi.nlm.nih.gov/Taxonomy/Browser/wwwtax.cgi?mode=Info&amp;id=34480
279,Eukaryota,Baylisascaris procyonis,6259,https://www.ncbi.nlm.nih.gov/Taxonomy/Browser/wwwtax.cgi?mode=Info&amp;id=6259
280,Eukaryota,Bertiella mucronata,2817671,https://www.ncbi.nlm.nih.gov/Taxonomy/Browser/wwwtax.cgi?mode=Info&amp;id=2817671
281,Eukaryota,Bertiella studeri,578852,https://www.ncbi.nlm.nih.gov/Taxonomy/Browser/wwwtax.cgi?mode=Info&amp;id=578852
282,Eukaryota,Curvularia australiensis,91365,https://www.ncbi.nlm.nih.gov/Taxonomy/Browser/wwwtax.cgi?mode=Info&amp;id=91365
283,Eukaryota,Curvularia hawaiiensis,1230527,https://www.ncbi.nlm.nih.gov/Taxonomy/Browser/wwwtax.cgi?mode=Info&amp;id=1230527
284,Eukaryota,Curvularia papendorfii,1537989,https://www.ncbi.nlm.nih.gov/Taxonomy/Browser/wwwtax.cgi?mode=Info&amp;id=1537989
285,Eukaryota,Curvularia spicifera,145392,https://www.ncbi.nlm.nih.gov/Taxonomy/Browser/wwwtax.cgi?mode=Info&amp;id=145392
286,Eukaryota,Blastocystis hominis,12968,https://www.ncbi.nlm.nih.gov/Taxonomy/Browser/wwwtax.cgi?mode=Info&amp;id=12968
287,Eukaryota,Blastomyces dermatitidis,5039,https://www.ncbi.nlm.nih.gov/Taxonomy/Browser/wwwtax.cgi?mode=Info&amp;id=5039
288,Eukaryota,Blastomyces gilchristii,1681229,https://www.ncbi.nlm.nih.gov/Taxonomy/Browser/wwwtax.cgi?mode=Info&amp;id=1681229
289,Eukaryota,Blastomyces helicus,465036,https://www.ncbi.nlm.nih.gov/Taxonomy/Browser/wwwtax.cgi?mode=Info&amp;id=465036
290,Eukaryota,Brugia malayi,6279,https://www.ncbi.nlm.nih.gov/Taxonomy/Browser/wwwtax.cgi?mode=Info&amp;id=6279
291,Eukaryota,Brugia timori,42155,https://www.ncbi.nlm.nih.gov/Taxonomy/Browser/wwwtax.cgi?mode=Info&amp;id=42155
292,Eukaryota,Brugia pahangi,6280,https://www.ncbi.nlm.nih.gov/Taxonomy/Browser/wwwtax.cgi?mode=Info&amp;id=6280
293,Eukaryota,Candida albicans,5476,https://www.ncbi.nlm.nih.gov/Taxonomy/Browser/wwwtax.cgi?mode=Info&amp;id=5476
294,Eukaryota,[Candida] auris,498019,https://www.ncbi.nlm.nih.gov/Taxonomy/Browser/wwwtax.cgi?mode=Info&amp;id=498019
295,Eukaryota,Candida dubliniensis,42374,https://www.ncbi.nlm.nih.gov/Taxonomy/Browser/wwwtax.cgi?mode=Info&amp;id=42374
296,Eukaryota,Nakaseomyces glabratus,5478,https://www.ncbi.nlm.nih.gov/Taxonomy/Browser/wwwtax.cgi?mode=Info&amp;id=5478
297,Eukaryota,Pichia kudriavzevii,4909,https://www.ncbi.nlm.nih.gov/Taxonomy/Browser/wwwtax.cgi?mode=Info&amp;id=4909
298,Eukaryota,Candida parapsilosis,5480,https://www.ncbi.nlm.nih.gov/Taxonomy/Browser/wwwtax.cgi?mode=Info&amp;id=5480
299,Eukaryota,Candida tropicalis,5482,https://www.ncbi.nlm.nih.gov/Taxonomy/Browser/wwwtax.cgi?mode=Info&amp;id=5482
300,Eukaryota,Capillaria hepatica,1239592,https://www.ncbi.nlm.nih.gov/Taxonomy/Browser/wwwtax.cgi?mode=Info&amp;id=1239592
301,Eukaryota,Paracapillaria philippinensis,1457282,https://www.ncbi.nlm.nih.gov/Taxonomy/Browser/wwwtax.cgi?mode=Info&amp;id=1457282
302,Eukaryota,Taenia multiceps,94034,https://www.ncbi.nlm.nih.gov/Taxonomy/Browser/wwwtax.cgi?mode=Info&amp;id=94034
303,Eukaryota,Chrysomya bezziana,69364,https://www.ncbi.nlm.nih.gov/Taxonomy/Browser/wwwtax.cgi?mode=Info&amp;id=69364
304,Eukaryota,Cladophialophora bantiana,89940,https://www.ncbi.nlm.nih.gov/Taxonomy/Browser/wwwtax.cgi?mode=Info&amp;id=89940
305,Eukaryota,Cladophialophora boppii,82106,https://www.ncbi.nlm.nih.gov/Taxonomy/Browser/wwwtax.cgi?mode=Info&amp;id=82106
306,Eukaryota,Cladophialophora carrionii,86049,https://www.ncbi.nlm.nih.gov/Taxonomy/Browser/wwwtax.cgi?mode=Info&amp;id=86049
307,Eukaryota,Clavispora lusitaniae,36911,https://www.ncbi.nlm.nih.gov/Taxonomy/Browser/wwwtax.cgi?mode=Info&amp;id=36911
308,Eukaryota,Clinostomum complanatum,235145,https://www.ncbi.nlm.nih.gov/Taxonomy/Browser/wwwtax.cgi?mode=Info&amp;id=235145
309,Eukaryota,Clonorchis sinensis,79923,https://www.ncbi.nlm.nih.gov/Taxonomy/Browser/wwwtax.cgi?mode=Info&amp;id=79923
310,Eukaryota,Coccidioides immitis,5501,https://www.ncbi.nlm.nih.gov/Taxonomy/Browser/wwwtax.cgi?mode=Info&amp;id=5501
311,Eukaryota,Coccidioides posadasii,199306,https://www.ncbi.nlm.nih.gov/Taxonomy/Browser/wwwtax.cgi?mode=Info&amp;id=199306
312,Eukaryota,Cochliomyia hominivorax,115425,https://www.ncbi.nlm.nih.gov/Taxonomy/Browser/wwwtax.cgi?mode=Info&amp;id=115425
313,Eukaryota,Colletotrichum coccodes,27358,https://www.ncbi.nlm.nih.gov/Taxonomy/Browser/wwwtax.cgi?mode=Info&amp;id=27358
314,Eukaryota,Colletotrichum gloeosporioides,474922,https://www.ncbi.nlm.nih.gov/Taxonomy/Browser/wwwtax.cgi?mode=Info&amp;id=474922
315,Eukaryota,Conidiobolus coronatus,34488,https://www.ncbi.nlm.nih.gov/Taxonomy/Browser/wwwtax.cgi?mode=Info&amp;id=34488
316,Eukaryota,Conidiobolus incongruus,90249,https://www.ncbi.nlm.nih.gov/Taxonomy/Browser/wwwtax.cgi?mode=Info&amp;id=90249
317,Eukaryota,Contracaecum osculatum,106324,https://www.ncbi.nlm.nih.gov/Taxonomy/Browser/wwwtax.cgi?mode=Info&amp;id=106324
318,Eukaryota,Cryptococcus gattii,37769,https://www.ncbi.nlm.nih.gov/Taxonomy/Browser/wwwtax.cgi?mode=Info&amp;id=37769
319,Eukaryota,Cryptococcus neoformans,5207,https://www.ncbi.nlm.nih.gov/Taxonomy/Browser/wwwtax.cgi?mode=Info&amp;id=5207
320,Eukaryota,Cryptosporidium hominis,237895,https://www.ncbi.nlm.nih.gov/Taxonomy/Browser/wwwtax.cgi?mode=Info&amp;id=237895
321,Eukaryota,Cryptosporidium parvum,5807,https://www.ncbi.nlm.nih.gov/Taxonomy/Browser/wwwtax.cgi?mode=Info&amp;id=5807
322,Eukaryota,Curvularia lunata,5503,https://www.ncbi.nlm.nih.gov/Taxonomy/Browser/wwwtax.cgi?mode=Info&amp;id=5503
323,Eukaryota,Cyclospora cayetanensis,88456,https://www.ncbi.nlm.nih.gov/Taxonomy/Browser/wwwtax.cgi?mode=Info&amp;id=88456
324,Eukaryota,Dermanyssus gallinae,34641,https://www.ncbi.nlm.nih.gov/Taxonomy/Browser/wwwtax.cgi?mode=Info&amp;id=34641
325,Eukaryota,Dermatobia hominis,115427,https://www.ncbi.nlm.nih.gov/Taxonomy/Browser/wwwtax.cgi?mode=Info&amp;id=115427
326,Eukaryota,Dicrocoelium dendriticum,57078,https://www.ncbi.nlm.nih.gov/Taxonomy/Browser/wwwtax.cgi?mode=Info&amp;id=57078
327,Eukaryota,Dientamoeba fragilis,43352,https://www.ncbi.nlm.nih.gov/Taxonomy/Browser/wwwtax.cgi?mode=Info&amp;id=43352
328,Eukaryota,Dioctophyme renale,513045,https://www.ncbi.nlm.nih.gov/Taxonomy/Browser/wwwtax.cgi?mode=Info&amp;id=513045
329,Eukaryota,Diphyllobothrium latum,60516,https://www.ncbi.nlm.nih.gov/Taxonomy/Browser/wwwtax.cgi?mode=Info&amp;id=60516
330,Eukaryota,Adenocephalus pacificus,372152,https://www.ncbi.nlm.nih.gov/Taxonomy/Browser/wwwtax.cgi?mode=Info&amp;id=372152
331,Eukaryota,Dirofilaria immitis,6287,https://www.ncbi.nlm.nih.gov/Taxonomy/Browser/wwwtax.cgi?mode=Info&amp;id=6287
332,Eukaryota,Dirofilaria repens,31241,https://www.ncbi.nlm.nih.gov/Taxonomy/Browser/wwwtax.cgi?mode=Info&amp;id=31241
333,Eukaryota,Dracunculus medinensis,318479,https://www.ncbi.nlm.nih.gov/Taxonomy/Browser/wwwtax.cgi?mode=Info&amp;id=318479
334,Eukaryota,Echinococcus granulosus,6210,https://www.ncbi.nlm.nih.gov/Taxonomy/Browser/wwwtax.cgi?mode=Info&amp;id=6210
335,Eukaryota,Echinococcus multilocularis,6211,https://www.ncbi.nlm.nih.gov/Taxonomy/Browser/wwwtax.cgi?mode=Info&amp;id=6211
336,Eukaryota,Echinococcus oligarthrus,6212,https://www.ncbi.nlm.nih.gov/Taxonomy/Browser/wwwtax.cgi?mode=Info&amp;id=6212
337,Eukaryota,Echinococcus vogeli,6213,https://www.ncbi.nlm.nih.gov/Taxonomy/Browser/wwwtax.cgi?mode=Info&amp;id=6213
338,Eukaryota,Emmonsia crescens,73230,https://www.ncbi.nlm.nih.gov/Taxonomy/Browser/wwwtax.cgi?mode=Info&amp;id=73230
339,Eukaryota,Encephalitozoon cuniculi,6035,https://www.ncbi.nlm.nih.gov/Taxonomy/Browser/wwwtax.cgi?mode=Info&amp;id=6035
340,Eukaryota,Encephalitozoon hellem,27973,https://www.ncbi.nlm.nih.gov/Taxonomy/Browser/wwwtax.cgi?mode=Info&amp;id=27973
341,Eukaryota,Encephalitozoon intestinalis,58839,https://www.ncbi.nlm.nih.gov/Taxonomy/Browser/wwwtax.cgi?mode=Info&amp;id=58839
342,Eukaryota,Entamoeba histolytica,5759,https://www.ncbi.nlm.nih.gov/Taxonomy/Browser/wwwtax.cgi?mode=Info&amp;id=5759
343,Eukaryota,Enterobius vermicularis,51028,https://www.ncbi.nlm.nih.gov/Taxonomy/Browser/wwwtax.cgi?mode=Info&amp;id=51028
344,Eukaryota,Enterocytozoon bieneusi,31281,https://www.ncbi.nlm.nih.gov/Taxonomy/Browser/wwwtax.cgi?mode=Info&amp;id=31281
345,Eukaryota,Epidermophyton floccosum,34391,https://www.ncbi.nlm.nih.gov/Taxonomy/Browser/wwwtax.cgi?mode=Info&amp;id=34391
346,Eukaryota,Exophiala dermatitidis,5970,https://www.ncbi.nlm.nih.gov/Taxonomy/Browser/wwwtax.cgi?mode=Info&amp;id=5970
347,Eukaryota,Fasciola gigantica,46835,https://www.ncbi.nlm.nih.gov/Taxonomy/Browser/wwwtax.cgi?mode=Info&amp;id=46835
348,Eukaryota,Fasciola hepatica,6192,https://www.ncbi.nlm.nih.gov/Taxonomy/Browser/wwwtax.cgi?mode=Info&amp;id=6192
349,Eukaryota,Fasciolopsis buski,27845,https://www.ncbi.nlm.nih.gov/Taxonomy/Browser/wwwtax.cgi?mode=Info&amp;id=27845
350,Eukaryota,Fonsecaea compacta,86057,https://www.ncbi.nlm.nih.gov/Taxonomy/Browser/wwwtax.cgi?mode=Info&amp;id=86057
351,Eukaryota,Fonsecaea pedrosoi,40355,https://www.ncbi.nlm.nih.gov/Taxonomy/Browser/wwwtax.cgi?mode=Info&amp;id=40355
352,Eukaryota,Fusarium fujikuroi,5127,https://www.ncbi.nlm.nih.gov/Taxonomy/Browser/wwwtax.cgi?mode=Info&amp;id=5127
353,Eukaryota,Fusarium oxysporum,5507,https://www.ncbi.nlm.nih.gov/Taxonomy/Browser/wwwtax.cgi?mode=Info&amp;id=5507
354,Eukaryota,Fusarium solani,169388,https://www.ncbi.nlm.nih.gov/Taxonomy/Browser/wwwtax.cgi?mode=Info&amp;id=169388
355,Eukaryota,Giardia intestinalis,5741,https://www.ncbi.nlm.nih.gov/Taxonomy/Browser/wwwtax.cgi?mode=Info&amp;id=5741
356,Eukaryota,Gnathostoma spinigerum,75299,https://www.ncbi.nlm.nih.gov/Taxonomy/Browser/wwwtax.cgi?mode=Info&amp;id=75299
357,Eukaryota,Gnathostoma hispidum,279404,https://www.ncbi.nlm.nih.gov/Taxonomy/Browser/wwwtax.cgi?mode=Info&amp;id=279404
358,Eukaryota,Halicephalobus gingivalis,114868,https://www.ncbi.nlm.nih.gov/Taxonomy/Browser/wwwtax.cgi?mode=Info&amp;id=114868
359,Eukaryota,Heterophyes heterophyes,1849833,https://www.ncbi.nlm.nih.gov/Taxonomy/Browser/wwwtax.cgi?mode=Info&amp;id=1849833
360,Eukaryota,Histoplasma capsulatum,5037,https://www.ncbi.nlm.nih.gov/Taxonomy/Browser/wwwtax.cgi?mode=Info&amp;id=5037
361,Eukaryota,Hymenolepis diminuta,6216,https://www.ncbi.nlm.nih.gov/Taxonomy/Browser/wwwtax.cgi?mode=Info&amp;id=6216
362,Eukaryota,Rodentolepis nana,102285,https://www.ncbi.nlm.nih.gov/Taxonomy/Browser/wwwtax.cgi?mode=Info&amp;id=102285
363,Eukaryota,Cystoisospora belli,482538,https://www.ncbi.nlm.nih.gov/Taxonomy/Browser/wwwtax.cgi?mode=Info&amp;id=482538
364,Eukaryota,Echinolaelaps echidninus,2759148,https://www.ncbi.nlm.nih.gov/Taxonomy/Browser/wwwtax.cgi?mode=Info&amp;id=2759148
365,Eukaryota,Leishmania aethiopica,5667,https://www.ncbi.nlm.nih.gov/Taxonomy/Browser/wwwtax.cgi?mode=Info&amp;id=5667
366,Eukaryota,Leishmania amazonensis,5659,https://www.ncbi.nlm.nih.gov/Taxonomy/Browser/wwwtax.cgi?mode=Info&amp;id=5659
367,Eukaryota,Leishmania braziliensis,5660,https://www.ncbi.nlm.nih.gov/Taxonomy/Browser/wwwtax.cgi?mode=Info&amp;id=5660
368,Eukaryota,Leishmania chagasi,44271,https://www.ncbi.nlm.nih.gov/Taxonomy/Browser/wwwtax.cgi?mode=Info&amp;id=44271
369,Eukaryota,Leishmania colombiensis,93413,https://www.ncbi.nlm.nih.gov/Taxonomy/Browser/wwwtax.cgi?mode=Info&amp;id=93413
370,Eukaryota,Leishmania donovani,5661,https://www.ncbi.nlm.nih.gov/Taxonomy/Browser/wwwtax.cgi?mode=Info&amp;id=5661
371,Eukaryota,Leishmania guyanensis,5670,https://www.ncbi.nlm.nih.gov/Taxonomy/Browser/wwwtax.cgi?mode=Info&amp;id=5670
372,Eukaryota,Leishmania infantum,5671,https://www.ncbi.nlm.nih.gov/Taxonomy/Browser/wwwtax.cgi?mode=Info&amp;id=5671
373,Eukaryota,Leishmania major,5664,https://www.ncbi.nlm.nih.gov/Taxonomy/Browser/wwwtax.cgi?mode=Info&amp;id=5664
374,Eukaryota,Leishmania martiniquensis,1580590,https://www.ncbi.nlm.nih.gov/Taxonomy/Browser/wwwtax.cgi?mode=Info&amp;id=1580590
375,Eukaryota,Leishmania mexicana,5665,https://www.ncbi.nlm.nih.gov/Taxonomy/Browser/wwwtax.cgi?mode=Info&amp;id=5665
376,Eukaryota,Leishmania naiffi,5678,https://www.ncbi.nlm.nih.gov/Taxonomy/Browser/wwwtax.cgi?mode=Info&amp;id=5678
377,Eukaryota,Leishmania panamensis,5679,https://www.ncbi.nlm.nih.gov/Taxonomy/Browser/wwwtax.cgi?mode=Info&amp;id=5679
378,Eukaryota,Leishmania peruviana,5681,https://www.ncbi.nlm.nih.gov/Taxonomy/Browser/wwwtax.cgi?mode=Info&amp;id=5681
379,Eukaryota,Leishmania tropica,5666,https://www.ncbi.nlm.nih.gov/Taxonomy/Browser/wwwtax.cgi?mode=Info&amp;id=5666
380,Eukaryota,Lichtheimia ramosa,688394,https://www.ncbi.nlm.nih.gov/Taxonomy/Browser/wwwtax.cgi?mode=Info&amp;id=688394
381,Eukaryota,Linguatula serrata,646052,https://www.ncbi.nlm.nih.gov/Taxonomy/Browser/wwwtax.cgi?mode=Info&amp;id=646052
382,Eukaryota,Loa loa,7209,https://www.ncbi.nlm.nih.gov/Taxonomy/Browser/wwwtax.cgi?mode=Info&amp;id=7209
383,Eukaryota,Trematosphaeria grisea,1489895,https://www.ncbi.nlm.nih.gov/Taxonomy/Browser/wwwtax.cgi?mode=Info&amp;id=1489895
384,Eukaryota,Madurella mycetomatis,100816,https://www.ncbi.nlm.nih.gov/Taxonomy/Browser/wwwtax.cgi?mode=Info&amp;id=100816
385,Eukaryota,Mansonella ozzardi,122354,https://www.ncbi.nlm.nih.gov/Taxonomy/Browser/wwwtax.cgi?mode=Info&amp;id=122354
386,Eukaryota,Mansonella perstans,42231,https://www.ncbi.nlm.nih.gov/Taxonomy/Browser/wwwtax.cgi?mode=Info&amp;id=42231
387,Eukaryota,Mansonella streptocerca,1761664,https://www.ncbi.nlm.nih.gov/Taxonomy/Browser/wwwtax.cgi?mode=Info&amp;id=1761664
388,Eukaryota,Metagonimus yokogawai,84529,https://www.ncbi.nlm.nih.gov/Taxonomy/Browser/wwwtax.cgi?mode=Info&amp;id=84529
389,Eukaryota,Mucor circinelloides,36080,https://www.ncbi.nlm.nih.gov/Taxonomy/Browser/wwwtax.cgi?mode=Info&amp;id=36080
390,Eukaryota,Naegleria fowleri,5763,https://www.ncbi.nlm.nih.gov/Taxonomy/Browser/wwwtax.cgi?mode=Info&amp;id=5763
391,Eukaryota,Necator americanus,51031,https://www.ncbi.nlm.nih.gov/Taxonomy/Browser/wwwtax.cgi?mode=Info&amp;id=51031
392,Eukaryota,Onchocerca volvulus,6282,https://www.ncbi.nlm.nih.gov/Taxonomy/Browser/wwwtax.cgi?mode=Info&amp;id=6282
393,Eukaryota,Opisthorchis felineus,147828,https://www.ncbi.nlm.nih.gov/Taxonomy/Browser/wwwtax.cgi?mode=Info&amp;id=147828
394,Eukaryota,Opisthorchis sinensis,41765,https://www.ncbi.nlm.nih.gov/Taxonomy/Browser/wwwtax.cgi?mode=Info&amp;id=41765
395,Eukaryota,Opisthorchis viverrini,6198,https://www.ncbi.nlm.nih.gov/Taxonomy/Browser/wwwtax.cgi?mode=Info&amp;id=6198
396,Eukaryota,Ornithonyssus bacoti,480692,https://www.ncbi.nlm.nih.gov/Taxonomy/Browser/wwwtax.cgi?mode=Info&amp;id=480692
397,Eukaryota,Ornithonyssus bursa,663933,https://www.ncbi.nlm.nih.gov/Taxonomy/Browser/wwwtax.cgi?mode=Info&amp;id=663933
398,Eukaryota,Ornithonyssus sylviarum,224536,https://www.ncbi.nlm.nih.gov/Taxonomy/Browser/wwwtax.cgi?mode=Info&amp;id=224536
399,Eukaryota,Paracoccidioides brasiliensis,121759,https://www.ncbi.nlm.nih.gov/Taxonomy/Browser/wwwtax.cgi?mode=Info&amp;id=121759
400,Eukaryota,Paragonimus africanus,434055,https://www.ncbi.nlm.nih.gov/Taxonomy/Browser/wwwtax.cgi?mode=Info&amp;id=434055
401,Eukaryota,Paragonimus heterotremus,100268,https://www.ncbi.nlm.nih.gov/Taxonomy/Browser/wwwtax.cgi?mode=Info&amp;id=100268
402,Eukaryota,Paragonimus kellicotti,100269,https://www.ncbi.nlm.nih.gov/Taxonomy/Browser/wwwtax.cgi?mode=Info&amp;id=100269
403,Eukaryota,Paragonimus mexicanus,100270,https://www.ncbi.nlm.nih.gov/Taxonomy/Browser/wwwtax.cgi?mode=Info&amp;id=100270
404,Eukaryota,Paragonimus siamensis,100271,https://www.ncbi.nlm.nih.gov/Taxonomy/Browser/wwwtax.cgi?mode=Info&amp;id=100271
405,Eukaryota,Paragonimus skrjabini,59630,https://www.ncbi.nlm.nih.gov/Taxonomy/Browser/wwwtax.cgi?mode=Info&amp;id=59630
406,Eukaryota,Paragonimus westermani,34504,https://www.ncbi.nlm.nih.gov/Taxonomy/Browser/wwwtax.cgi?mode=Info&amp;id=34504
407,Eukaryota,Paragonimus uterobilateralis,2912759,https://www.ncbi.nlm.nih.gov/Taxonomy/Browser/wwwtax.cgi?mode=Info&amp;id=2912759
408,Eukaryota,Pediculus humanus,121225,https://www.ncbi.nlm.nih.gov/Taxonomy/Browser/wwwtax.cgi?mode=Info&amp;id=121225
409,Eukaryota,Pythium insidiosum,114742,https://www.ncbi.nlm.nih.gov/Taxonomy/Browser/wwwtax.cgi?mode=Info&amp;id=114742
410,Eukaryota,Talaromyces marneffei,37727,https://www.ncbi.nlm.nih.gov/Taxonomy/Browser/wwwtax.cgi?mode=Info&amp;id=37727
411,Eukaryota,Phialophora verrucosa,39412,https://www.ncbi.nlm.nih.gov/Taxonomy/Browser/wwwtax.cgi?mode=Info&amp;id=39412
412,Eukaryota,Plasmodium falciparum,5833,https://www.ncbi.nlm.nih.gov/Taxonomy/Browser/wwwtax.cgi?mode=Info&amp;id=5833
413,Eukaryota,Plasmodium knowlesi,5850,https://www.ncbi.nlm.nih.gov/Taxonomy/Browser/wwwtax.cgi?mode=Info&amp;id=5850
414,Eukaryota,Plasmodium malariae,5858,https://www.ncbi.nlm.nih.gov/Taxonomy/Browser/wwwtax.cgi?mode=Info&amp;id=5858
415,Eukaryota,Plasmodium ovale,36330,https://www.ncbi.nlm.nih.gov/Taxonomy/Browser/wwwtax.cgi?mode=Info&amp;id=36330
416,Eukaryota,Plasmodium vivax,5855,https://www.ncbi.nlm.nih.gov/Taxonomy/Browser/wwwtax.cgi?mode=Info&amp;id=5855
417,Eukaryota,Pneumocystis jirovecii,42068,https://www.ncbi.nlm.nih.gov/Taxonomy/Browser/wwwtax.cgi?mode=Info&amp;id=42068
418,Eukaryota,Scedosporium boydii,5597,https://www.ncbi.nlm.nih.gov/Taxonomy/Browser/wwwtax.cgi?mode=Info&amp;id=5597
419,Eukaryota,Pseudoterranova decipiens,6271,https://www.ncbi.nlm.nih.gov/Taxonomy/Browser/wwwtax.cgi?mode=Info&amp;id=6271
420,Eukaryota,Pthirus pubis,121228,https://www.ncbi.nlm.nih.gov/Taxonomy/Browser/wwwtax.cgi?mode=Info&amp;id=121228
421,Eukaryota,Rhinocladiella mackenziei,86056,https://www.ncbi.nlm.nih.gov/Taxonomy/Browser/wwwtax.cgi?mode=Info&amp;id=86056
422,Eukaryota,Rhinosporidium seeberi,90339,https://www.ncbi.nlm.nih.gov/Taxonomy/Browser/wwwtax.cgi?mode=Info&amp;id=90339
423,Eukaryota,Rhizomucor pusillus,4840,https://www.ncbi.nlm.nih.gov/Taxonomy/Browser/wwwtax.cgi?mode=Info&amp;id=4840
424,Eukaryota,Rhizopus microsporus,58291,https://www.ncbi.nlm.nih.gov/Taxonomy/Browser/wwwtax.cgi?mode=Info&amp;id=58291
425,Eukaryota,Rhizopus arrhizus,64495,https://www.ncbi.nlm.nih.gov/Taxonomy/Browser/wwwtax.cgi?mode=Info&amp;id=64495
426,Eukaryota,Saccharomyces cerevisiae,4932,https://www.ncbi.nlm.nih.gov/Taxonomy/Browser/wwwtax.cgi?mode=Info&amp;id=4932
427,Eukaryota,Saksenaea erythrospora,931868,https://www.ncbi.nlm.nih.gov/Taxonomy/Browser/wwwtax.cgi?mode=Info&amp;id=931868
428,Eukaryota,Saksenaea vasiformis,90258,https://www.ncbi.nlm.nih.gov/Taxonomy/Browser/wwwtax.cgi?mode=Info&amp;id=90258
429,Eukaryota,Sappinia diploidea,343529,https://www.ncbi.nlm.nih.gov/Taxonomy/Browser/wwwtax.cgi?mode=Info&amp;id=343529
430,Eukaryota,Sappinia pedata,472956,https://www.ncbi.nlm.nih.gov/Taxonomy/Browser/wwwtax.cgi?mode=Info&amp;id=472956
431,Eukaryota,Sarcocystis hominis,61650,https://www.ncbi.nlm.nih.gov/Taxonomy/Browser/wwwtax.cgi?mode=Info&amp;id=61650
432,Eukaryota,Sarcocystis suihominis,102713,https://www.ncbi.nlm.nih.gov/Taxonomy/Browser/wwwtax.cgi?mode=Info&amp;id=102713
433,Eukaryota,Sarcoptes scabiei,52283,https://www.ncbi.nlm.nih.gov/Taxonomy/Browser/wwwtax.cgi?mode=Info&amp;id=52283
434,Eukaryota,Scedosporium apiospermum,563466,https://www.ncbi.nlm.nih.gov/Taxonomy/Browser/wwwtax.cgi?mode=Info&amp;id=563466
435,Eukaryota,Lomentospora prolificans,41688,https://www.ncbi.nlm.nih.gov/Taxonomy/Browser/wwwtax.cgi?mode=Info&amp;id=41688
436,Eukaryota,Schistosoma guineensis,393876,https://www.ncbi.nlm.nih.gov/Taxonomy/Browser/wwwtax.cgi?mode=Info&amp;id=393876
437,Eukaryota,Schistosoma haematobium,6185,https://www.ncbi.nlm.nih.gov/Taxonomy/Browser/wwwtax.cgi?mode=Info&amp;id=6185
438,Eukaryota,Schistosoma intercalatum,6187,https://www.ncbi.nlm.nih.gov/Taxonomy/Browser/wwwtax.cgi?mode=Info&amp;id=6187
439,Eukaryota,Schistosoma japonicum,6182,https://www.ncbi.nlm.nih.gov/Taxonomy/Browser/wwwtax.cgi?mode=Info&amp;id=6182
440,Eukaryota,Schistosoma malayensis,53353,https://www.ncbi.nlm.nih.gov/Taxonomy/Browser/wwwtax.cgi?mode=Info&amp;id=53353
441,Eukaryota,Schistosoma mansoni,6183,https://www.ncbi.nlm.nih.gov/Taxonomy/Browser/wwwtax.cgi?mode=Info&amp;id=6183
442,Eukaryota,Schistosoma mekongi,38744,https://www.ncbi.nlm.nih.gov/Taxonomy/Browser/wwwtax.cgi?mode=Info&amp;id=38744
443,Eukaryota,Scopulariopsis brevicaulis,561152,https://www.ncbi.nlm.nih.gov/Taxonomy/Browser/wwwtax.cgi?mode=Info&amp;id=561152
444,Eukaryota,Spirometra erinaceieuropaei,99802,https://www.ncbi.nlm.nih.gov/Taxonomy/Browser/wwwtax.cgi?mode=Info&amp;id=99802
445,Eukaryota,Sporothrix schenckii,29908,https://www.ncbi.nlm.nih.gov/Taxonomy/Browser/wwwtax.cgi?mode=Info&amp;id=29908
446,Eukaryota,Strongyloides stercoralis,6248,https://www.ncbi.nlm.nih.gov/Taxonomy/Browser/wwwtax.cgi?mode=Info&amp;id=6248
447,Eukaryota,Taenia saginata,6206,https://www.ncbi.nlm.nih.gov/Taxonomy/Browser/wwwtax.cgi?mode=Info&amp;id=6206
448,Eukaryota,Taenia solium,6204,https://www.ncbi.nlm.nih.gov/Taxonomy/Browser/wwwtax.cgi?mode=Info&amp;id=6204
449,Eukaryota,Thelazia callipaeda,103827,https://www.ncbi.nlm.nih.gov/Taxonomy/Browser/wwwtax.cgi?mode=Info&amp;id=103827
450,Eukaryota,Toxocara canis,6265,https://www.ncbi.nlm.nih.gov/Taxonomy/Browser/wwwtax.cgi?mode=Info&amp;id=6265
451,Eukaryota,Toxocara cati,6266,https://www.ncbi.nlm.nih.gov/Taxonomy/Browser/wwwtax.cgi?mode=Info&amp;id=6266
452,Eukaryota,Toxoplasma gondii,5811,https://www.ncbi.nlm.nih.gov/Taxonomy/Browser/wwwtax.cgi?mode=Info&amp;id=5811
453,Eukaryota,Trachipleistophora hominis,72359,https://www.ncbi.nlm.nih.gov/Taxonomy/Browser/wwwtax.cgi?mode=Info&amp;id=72359
454,Eukaryota,Trichinella nativa,6335,https://www.ncbi.nlm.nih.gov/Taxonomy/Browser/wwwtax.cgi?mode=Info&amp;id=6335
455,Eukaryota,Trichinella nelsoni,6336,https://www.ncbi.nlm.nih.gov/Taxonomy/Browser/wwwtax.cgi?mode=Info&amp;id=6336
456,Eukaryota,Trichinella pseudospiralis,6337,https://www.ncbi.nlm.nih.gov/Taxonomy/Browser/wwwtax.cgi?mode=Info&amp;id=6337
457,Eukaryota,Trichinella spiralis,6334,https://www.ncbi.nlm.nih.gov/Taxonomy/Browser/wwwtax.cgi?mode=Info&amp;id=6334
458,Eukaryota,Trichinella britovi,45882,https://www.ncbi.nlm.nih.gov/Taxonomy/Browser/wwwtax.cgi?mode=Info&amp;id=45882
459,Eukaryota,Trichomonas vaginalis,5722,https://www.ncbi.nlm.nih.gov/Taxonomy/Browser/wwwtax.cgi?mode=Info&amp;id=5722
460,Eukaryota,Trichophyton rubrum,5551,https://www.ncbi.nlm.nih.gov/Taxonomy/Browser/wwwtax.cgi?mode=Info&amp;id=5551
461,Eukaryota,Trichuris trichiura,36087,https://www.ncbi.nlm.nih.gov/Taxonomy/Browser/wwwtax.cgi?mode=Info&amp;id=36087
462,Eukaryota,Trichuris vulpis,219738,https://www.ncbi.nlm.nih.gov/Taxonomy/Browser/wwwtax.cgi?mode=Info&amp;id=219738
463,Eukaryota,Trypanosoma brucei,5691,https://www.ncbi.nlm.nih.gov/Taxonomy/Browser/wwwtax.cgi?mode=Info&amp;id=5691
464,Eukaryota,Trypanosoma cruzi,5693,https://www.ncbi.nlm.nih.gov/Taxonomy/Browser/wwwtax.cgi?mode=Info&amp;id=5693
465,Eukaryota,Tubulinosema acridophagus,307626,https://www.ncbi.nlm.nih.gov/Taxonomy/Browser/wwwtax.cgi?mode=Info&amp;id=307626
466,Eukaryota,Tunga penetrans,214035,https://www.ncbi.nlm.nih.gov/Taxonomy/Browser/wwwtax.cgi?mode=Info&amp;id=214035
467,Eukaryota,Uncinaria stenocephala,125367,https://www.ncbi.nlm.nih.gov/Taxonomy/Browser/wwwtax.cgi?mode=Info&amp;id=125367
468,Eukaryota,Vittaforma corneae,42399,https://www.ncbi.nlm.nih.gov/Taxonomy/Browser/wwwtax.cgi?mode=Info&amp;id=42399
469,Eukaryota,Wuchereria bancrofti,6293,https://www.ncbi.nlm.nih.gov/Taxonomy/Browser/wwwtax.cgi?mode=Info&amp;id=6293
470,Viruses,Aichivirus A,72149,https://www.ncbi.nlm.nih.gov/Taxonomy/Browser/wwwtax.cgi?mode=Info&amp;id=72149
471,Viruses,Akhmeta virus,2200830,https://www.ncbi.nlm.nih.gov/Taxonomy/Browser/wwwtax.cgi?mode=Info&amp;id=2200830
472,Viruses,Orthoflavivirus kyasanurense,33743,https://www.ncbi.nlm.nih.gov/Taxonomy/Browser/wwwtax.cgi?mode=Info&amp;id=33743
473,Viruses,Orthoflavivirus kyasanurense,3048170,https://www.ncbi.nlm.nih.gov/Taxonomy/Browser/wwwtax.cgi?mode=Info&amp;id=3048170
474,Viruses,Orthohantavirus andesense,1980456,https://www.ncbi.nlm.nih.gov/Taxonomy/Browser/wwwtax.cgi?mode=Info&amp;id=1980456
475,Viruses,Lyssavirus australis,90961,https://www.ncbi.nlm.nih.gov/Taxonomy/Browser/wwwtax.cgi?mode=Info&amp;id=90961
476,Viruses,Orthoavulavirus javaense,2560319,https://www.ncbi.nlm.nih.gov/Taxonomy/Browser/wwwtax.cgi?mode=Info&amp;id=2560319
477,Viruses,Orthoavulavirus javaense,3051375,https://www.ncbi.nlm.nih.gov/Taxonomy/Browser/wwwtax.cgi?mode=Info&amp;id=3051375
478,Viruses,Banna virus,77763,https://www.ncbi.nlm.nih.gov/Taxonomy/Browser/wwwtax.cgi?mode=Info&amp;id=77763
479,Viruses,Barmah Forest virus,11020,https://www.ncbi.nlm.nih.gov/Taxonomy/Browser/wwwtax.cgi?mode=Info&amp;id=11020
480,Viruses,Bayou orthohantavirus,1980459,https://www.ncbi.nlm.nih.gov/Taxonomy/Browser/wwwtax.cgi?mode=Info&amp;id=1980459
481,Viruses,Bandavirus bhanjanagarense,1213620,https://www.ncbi.nlm.nih.gov/Taxonomy/Browser/wwwtax.cgi?mode=Info&amp;id=1213620
482,Viruses,Bhanja bandavirus,2734423,https://www.ncbi.nlm.nih.gov/Taxonomy/Browser/wwwtax.cgi?mode=Info&amp;id=2734423
483,Viruses,Bandavirus bhanjanagarense,3051989,https://www.ncbi.nlm.nih.gov/Taxonomy/Browser/wwwtax.cgi?mode=Info&amp;id=3051989
484,Viruses,Betapolyomavirus hominis,1891762,https://www.ncbi.nlm.nih.gov/Taxonomy/Browser/wwwtax.cgi?mode=Info&amp;id=1891762
485,Viruses,Black Creek Canal orthohantavirus,1980460,https://www.ncbi.nlm.nih.gov/Taxonomy/Browser/wwwtax.cgi?mode=Info&amp;id=1980460
486,Viruses,Borna disease virus,12455,https://www.ncbi.nlm.nih.gov/Taxonomy/Browser/wwwtax.cgi?mode=Info&amp;id=12455
487,Viruses,Thogotovirus bourbonense,1618189,https://www.ncbi.nlm.nih.gov/Taxonomy/Browser/wwwtax.cgi?mode=Info&amp;id=1618189
488,Viruses,Thogotovirus bourbonense,2956523,https://www.ncbi.nlm.nih.gov/Taxonomy/Browser/wwwtax.cgi?mode=Info&amp;id=2956523
489,Viruses,Bufavirus-3,1391667,https://www.ncbi.nlm.nih.gov/Taxonomy/Browser/wwwtax.cgi?mode=Info&amp;id=1391667
490,Viruses,Vaccinia virus,10245,https://www.ncbi.nlm.nih.gov/Taxonomy/Browser/wwwtax.cgi?mode=Info&amp;id=10245
491,Viruses,Orthoebolavirus bundibugyoense,565995,https://www.ncbi.nlm.nih.gov/Taxonomy/Browser/wwwtax.cgi?mode=Info&amp;id=565995
492,Viruses,Orthoebolavirus bundibugyoense,3052458,https://www.ncbi.nlm.nih.gov/Taxonomy/Browser/wwwtax.cgi?mode=Info&amp;id=3052458
493,Viruses,Bunyamwera orthobunyavirus,1933179,https://www.ncbi.nlm.nih.gov/Taxonomy/Browser/wwwtax.cgi?mode=Info&amp;id=1933179
494,Viruses,Orthobunyavirus bunyamweraense,3052381,https://www.ncbi.nlm.nih.gov/Taxonomy/Browser/wwwtax.cgi?mode=Info&amp;id=3052381
495,Viruses,Snowshoe hare orthobunyavirus,2560767,https://www.ncbi.nlm.nih.gov/Taxonomy/Browser/wwwtax.cgi?mode=Info&amp;id=2560767
496,Viruses,Orthobunyavirus khatangaense,3052407,https://www.ncbi.nlm.nih.gov/Taxonomy/Browser/wwwtax.cgi?mode=Info&amp;id=3052407
497,Viruses,Bwamba orthobunyavirus,35310,https://www.ncbi.nlm.nih.gov/Taxonomy/Browser/wwwtax.cgi?mode=Info&amp;id=35310
498,Viruses,Cache Valley orthobunyavirus,2560364,https://www.ncbi.nlm.nih.gov/Taxonomy/Browser/wwwtax.cgi?mode=Info&amp;id=2560364
499,Viruses,Orthobunyavirus cacheense,3052385,https://www.ncbi.nlm.nih.gov/Taxonomy/Browser/wwwtax.cgi?mode=Info&amp;id=3052385
500,Viruses,California encephalitis orthobunyavirus,1933264,https://www.ncbi.nlm.nih.gov/Taxonomy/Browser/wwwtax.cgi?mode=Info&amp;id=1933264
501,Viruses,Orthoflavivirus encephalitidis,11084,https://www.ncbi.nlm.nih.gov/Taxonomy/Browser/wwwtax.cgi?mode=Info&amp;id=11084
502,Viruses,Orthoflavivirus encephalitidis,3052465,https://www.ncbi.nlm.nih.gov/Taxonomy/Browser/wwwtax.cgi?mode=Info&amp;id=3052465
503,Viruses,Simplexvirus macacinealpha1,10325,https://www.ncbi.nlm.nih.gov/Taxonomy/Browser/wwwtax.cgi?mode=Info&amp;id=10325
504,Viruses,Simplexvirus macacinealpha1,3050305,https://www.ncbi.nlm.nih.gov/Taxonomy/Browser/wwwtax.cgi?mode=Info&amp;id=3050305
505,Viruses,Vesiculovirus chandipura,1972576,https://www.ncbi.nlm.nih.gov/Taxonomy/Browser/wwwtax.cgi?mode=Info&amp;id=1972576
506,Viruses,Chapare mammarenavirus,499556,https://www.ncbi.nlm.nih.gov/Taxonomy/Browser/wwwtax.cgi?mode=Info&amp;id=499556
507,Viruses,Chikungunya virus,37124,https://www.ncbi.nlm.nih.gov/Taxonomy/Browser/wwwtax.cgi?mode=Info&amp;id=37124
508,Viruses,Colorado tick fever coltivirus,46839,https://www.ncbi.nlm.nih.gov/Taxonomy/Browser/wwwtax.cgi?mode=Info&amp;id=46839
509,Viruses,Colorado tick fever coltivirus,2748762,https://www.ncbi.nlm.nih.gov/Taxonomy/Browser/wwwtax.cgi?mode=Info&amp;id=2748762
510,Viruses,Cowpox virus,10243,https://www.ncbi.nlm.nih.gov/Taxonomy/Browser/wwwtax.cgi?mode=Info&amp;id=10243
511,Viruses,Coxsackievirus,12066,https://www.ncbi.nlm.nih.gov/Taxonomy/Browser/wwwtax.cgi?mode=Info&amp;id=12066
512,Viruses,Crimean-Congo hemorrhagic fever orthonairovirus,1980519,https://www.ncbi.nlm.nih.gov/Taxonomy/Browser/wwwtax.cgi?mode=Info&amp;id=1980519
513,Viruses,Bandavirus dabieense,2748958,https://www.ncbi.nlm.nih.gov/Taxonomy/Browser/wwwtax.cgi?mode=Info&amp;id=2748958
514,Viruses,Orthoflavivirus denguei,12637,https://www.ncbi.nlm.nih.gov/Taxonomy/Browser/wwwtax.cgi?mode=Info&amp;id=12637
515,Viruses,Orthoflavivirus denguei,3052464,https://www.ncbi.nlm.nih.gov/Taxonomy/Browser/wwwtax.cgi?mode=Info&amp;id=3052464
516,Viruses,Thogotovirus dhoriense,11318,https://www.ncbi.nlm.nih.gov/Taxonomy/Browser/wwwtax.cgi?mode=Info&amp;id=11318
517,Viruses,Dobrava-Belgrade orthohantavirus,1980467,https://www.ncbi.nlm.nih.gov/Taxonomy/Browser/wwwtax.cgi?mode=Info&amp;id=1980467
518,Viruses,Dugbe orthonairovirus,1980521,https://www.ncbi.nlm.nih.gov/Taxonomy/Browser/wwwtax.cgi?mode=Info&amp;id=1980521
519,Viruses,Lyssavirus duvenhage,38767,https://www.ncbi.nlm.nih.gov/Taxonomy/Browser/wwwtax.cgi?mode=Info&amp;id=38767
520,Viruses,Eastern equine encephalitis virus,11021,https://www.ncbi.nlm.nih.gov/Taxonomy/Browser/wwwtax.cgi?mode=Info&amp;id=11021
521,Viruses,Echovirus,33758,https://www.ncbi.nlm.nih.gov/Taxonomy/Browser/wwwtax.cgi?mode=Info&amp;id=33758
522,Viruses,Cardiovirus A,1821749,https://www.ncbi.nlm.nih.gov/Taxonomy/Browser/wwwtax.cgi?mode=Info&amp;id=1821749
523,Viruses,Lymphocryptovirus humangamma4,10376,https://www.ncbi.nlm.nih.gov/Taxonomy/Browser/wwwtax.cgi?mode=Info&amp;id=10376
524,Viruses,Lymphocryptovirus humangamma4,3050299,https://www.ncbi.nlm.nih.gov/Taxonomy/Browser/wwwtax.cgi?mode=Info&amp;id=3050299
525,Viruses,European bat lyssavirus,38768,https://www.ncbi.nlm.nih.gov/Taxonomy/Browser/wwwtax.cgi?mode=Info&amp;id=38768
526,Viruses,Everglades virus,2083198,https://www.ncbi.nlm.nih.gov/Taxonomy/Browser/wwwtax.cgi?mode=Info&amp;id=2083198
527,Viruses,Pegivirus C,1985356,https://www.ncbi.nlm.nih.gov/Taxonomy/Browser/wwwtax.cgi?mode=Info&amp;id=1985356
528,Viruses,Pegivirus hominis,3052608,https://www.ncbi.nlm.nih.gov/Taxonomy/Browser/wwwtax.cgi?mode=Info&amp;id=3052608
529,Viruses,Guanarito mammarenavirus,45219,https://www.ncbi.nlm.nih.gov/Taxonomy/Browser/wwwtax.cgi?mode=Info&amp;id=45219
530,Viruses,Guaroa orthobunyavirus,1933274,https://www.ncbi.nlm.nih.gov/Taxonomy/Browser/wwwtax.cgi?mode=Info&amp;id=1933274
531,Viruses,Orthobunyavirus guaroaense,3052397,https://www.ncbi.nlm.nih.gov/Taxonomy/Browser/wwwtax.cgi?mode=Info&amp;id=3052397
532,Viruses,Hantaan orthohantavirus,1980471,https://www.ncbi.nlm.nih.gov/Taxonomy/Browser/wwwtax.cgi?mode=Info&amp;id=1980471
533,Viruses,Heartland bandavirus,2747342,https://www.ncbi.nlm.nih.gov/Taxonomy/Browser/wwwtax.cgi?mode=Info&amp;id=2747342
534,Viruses,Hendra henipavirus,63330,https://www.ncbi.nlm.nih.gov/Taxonomy/Browser/wwwtax.cgi?mode=Info&amp;id=63330
535,Viruses,Hepatovirus A,12092,https://www.ncbi.nlm.nih.gov/Taxonomy/Browser/wwwtax.cgi?mode=Info&amp;id=12092
536,Viruses,Hepatitis B virus,10407,https://www.ncbi.nlm.nih.gov/Taxonomy/Browser/wwwtax.cgi?mode=Info&amp;id=10407
537,Viruses,Hepacivirus C,11103,https://www.ncbi.nlm.nih.gov/Taxonomy/Browser/wwwtax.cgi?mode=Info&amp;id=11103
538,Viruses,Hepatitis delta virus,12475,https://www.ncbi.nlm.nih.gov/Taxonomy/Browser/wwwtax.cgi?mode=Info&amp;id=12475
539,Viruses,Paslahepevirus balayani,1678143,https://www.ncbi.nlm.nih.gov/Taxonomy/Browser/wwwtax.cgi?mode=Info&amp;id=1678143
540,Viruses,Human adenovirus sp.,1907210,https://www.ncbi.nlm.nih.gov/Taxonomy/Browser/wwwtax.cgi?mode=Info&amp;id=1907210
541,Viruses,Human astrovirus,1868658,https://www.ncbi.nlm.nih.gov/Taxonomy/Browser/wwwtax.cgi?mode=Info&amp;id=1868658
542,Viruses,Roseolovirus humanbeta6a,32603,https://www.ncbi.nlm.nih.gov/Taxonomy/Browser/wwwtax.cgi?mode=Info&amp;id=32603
543,Viruses,Roseolovirus humanbeta6a,3050296,https://www.ncbi.nlm.nih.gov/Taxonomy/Browser/wwwtax.cgi?mode=Info&amp;id=3050296
544,Viruses,Roseolovirus humanbeta6b,32604,https://www.ncbi.nlm.nih.gov/Taxonomy/Browser/wwwtax.cgi?mode=Info&amp;id=32604
545,Viruses,Roseolovirus humanbeta6b,3050297,https://www.ncbi.nlm.nih.gov/Taxonomy/Browser/wwwtax.cgi?mode=Info&amp;id=3050297
546,Viruses,Human bocavirus,329641,https://www.ncbi.nlm.nih.gov/Taxonomy/Browser/wwwtax.cgi?mode=Info&amp;id=329641
547,Viruses,unidentified human coronavirus,694448,https://www.ncbi.nlm.nih.gov/Taxonomy/Browser/wwwtax.cgi?mode=Info&amp;id=694448
548,Viruses,Human coronavirus 229E,11137,https://www.ncbi.nlm.nih.gov/Taxonomy/Browser/wwwtax.cgi?mode=Info&amp;id=11137
549,Viruses,Human coronavirus HKU1,290028,https://www.ncbi.nlm.nih.gov/Taxonomy/Browser/wwwtax.cgi?mode=Info&amp;id=290028
550,Viruses,Human coronavirus NL63,277944,https://www.ncbi.nlm.nih.gov/Taxonomy/Browser/wwwtax.cgi?mode=Info&amp;id=277944
551,Viruses,Betacoronavirus 1,694003,https://www.ncbi.nlm.nih.gov/Taxonomy/Browser/wwwtax.cgi?mode=Info&amp;id=694003
552,Viruses,Cytomegalovirus humanbeta5,10359,https://www.ncbi.nlm.nih.gov/Taxonomy/Browser/wwwtax.cgi?mode=Info&amp;id=10359
553,Viruses,Cytomegalovirus humanbeta5,3050295,https://www.ncbi.nlm.nih.gov/Taxonomy/Browser/wwwtax.cgi?mode=Info&amp;id=3050295
554,Viruses,Enterovirus D,138951,https://www.ncbi.nlm.nih.gov/Taxonomy/Browser/wwwtax.cgi?mode=Info&amp;id=138951
555,Viruses,Enterovirus A,138948,https://www.ncbi.nlm.nih.gov/Taxonomy/Browser/wwwtax.cgi?mode=Info&amp;id=138948
556,Viruses,Enterovirus B,138949,https://www.ncbi.nlm.nih.gov/Taxonomy/Browser/wwwtax.cgi?mode=Info&amp;id=138949
557,Viruses,Simplexvirus humanalpha1,10298,https://www.ncbi.nlm.nih.gov/Taxonomy/Browser/wwwtax.cgi?mode=Info&amp;id=10298
558,Viruses,Simplexvirus humanalpha1,3050292,https://www.ncbi.nlm.nih.gov/Taxonomy/Browser/wwwtax.cgi?mode=Info&amp;id=3050292
559,Viruses,Simplexvirus humanalpha2,10310,https://www.ncbi.nlm.nih.gov/Taxonomy/Browser/wwwtax.cgi?mode=Info&amp;id=10310
560,Viruses,Simplexvirus humanalpha2,3050293,https://www.ncbi.nlm.nih.gov/Taxonomy/Browser/wwwtax.cgi?mode=Info&amp;id=3050293
561,Viruses,Human betaherpesvirus 6,10368,https://www.ncbi.nlm.nih.gov/Taxonomy/Browser/wwwtax.cgi?mode=Info&amp;id=10368
562,Viruses,Roseolovirus humanbeta7,10372,https://www.ncbi.nlm.nih.gov/Taxonomy/Browser/wwwtax.cgi?mode=Info&amp;id=10372
563,Viruses,Roseolovirus humanbeta7,3050298,https://www.ncbi.nlm.nih.gov/Taxonomy/Browser/wwwtax.cgi?mode=Info&amp;id=3050298
564,Viruses,Rhadinovirus humangamma8,37296,https://www.ncbi.nlm.nih.gov/Taxonomy/Browser/wwwtax.cgi?mode=Info&amp;id=37296
565,Viruses,Rhadinovirus humangamma8,3050300,https://www.ncbi.nlm.nih.gov/Taxonomy/Browser/wwwtax.cgi?mode=Info&amp;id=3050300
566,Viruses,Human immunodeficiency virus,12721,https://www.ncbi.nlm.nih.gov/Taxonomy/Browser/wwwtax.cgi?mode=Info&amp;id=12721
567,Viruses,Human mastadenovirus A,129875,https://www.ncbi.nlm.nih.gov/Taxonomy/Browser/wwwtax.cgi?mode=Info&amp;id=129875
568,Viruses,Human mastadenovirus B,108098,https://www.ncbi.nlm.nih.gov/Taxonomy/Browser/wwwtax.cgi?mode=Info&amp;id=108098
569,Viruses,Human mastadenovirus C,129951,https://www.ncbi.nlm.nih.gov/Taxonomy/Browser/wwwtax.cgi?mode=Info&amp;id=129951
570,Viruses,Human mastadenovirus D,130310,https://www.ncbi.nlm.nih.gov/Taxonomy/Browser/wwwtax.cgi?mode=Info&amp;id=130310
571,Viruses,Human mastadenovirus F,130309,https://www.ncbi.nlm.nih.gov/Taxonomy/Browser/wwwtax.cgi?mode=Info&amp;id=130309
572,Viruses,Metapneumovirus hominis,162145,https://www.ncbi.nlm.nih.gov/Taxonomy/Browser/wwwtax.cgi?mode=Info&amp;id=162145
573,Viruses,Metapneumovirus hominis,3048148,https://www.ncbi.nlm.nih.gov/Taxonomy/Browser/wwwtax.cgi?mode=Info&amp;id=3048148
574,Viruses,Mupapillomavirus 1,334203,https://www.ncbi.nlm.nih.gov/Taxonomy/Browser/wwwtax.cgi?mode=Info&amp;id=334203
575,Viruses,Alphapapillomavirus 9,337041,https://www.ncbi.nlm.nih.gov/Taxonomy/Browser/wwwtax.cgi?mode=Info&amp;id=337041
576,Viruses,Alphapapillomavirus 7,337042,https://www.ncbi.nlm.nih.gov/Taxonomy/Browser/wwwtax.cgi?mode=Info&amp;id=337042
577,Viruses,Alphapapillomavirus 4,337043,https://www.ncbi.nlm.nih.gov/Taxonomy/Browser/wwwtax.cgi?mode=Info&amp;id=337043
578,Viruses,Respirovirus laryngotracheitidis,12730,https://www.ncbi.nlm.nih.gov/Taxonomy/Browser/wwwtax.cgi?mode=Info&amp;id=12730
579,Viruses,Respirovirus laryngotracheitidis,3049952,https://www.ncbi.nlm.nih.gov/Taxonomy/Browser/wwwtax.cgi?mode=Info&amp;id=3049952
580,Viruses,Orthorubulavirus laryngotracheitidis,2560525,https://www.ncbi.nlm.nih.gov/Taxonomy/Browser/wwwtax.cgi?mode=Info&amp;id=2560525
581,Viruses,Orthorubulavirus laryngotracheitidis,3052557,https://www.ncbi.nlm.nih.gov/Taxonomy/Browser/wwwtax.cgi?mode=Info&amp;id=3052557
582,Viruses,Respirovirus pneumoniae,11216,https://www.ncbi.nlm.nih.gov/Taxonomy/Browser/wwwtax.cgi?mode=Info&amp;id=11216
583,Viruses,Respirovirus pneumoniae,3049953,https://www.ncbi.nlm.nih.gov/Taxonomy/Browser/wwwtax.cgi?mode=Info&amp;id=3049953
584,Viruses,Orthorubulavirus hominis,2560526,https://www.ncbi.nlm.nih.gov/Taxonomy/Browser/wwwtax.cgi?mode=Info&amp;id=2560526
585,Viruses,Orthorubulavirus hominis,3052556,https://www.ncbi.nlm.nih.gov/Taxonomy/Browser/wwwtax.cgi?mode=Info&amp;id=3052556
586,Viruses,Primate erythroparvovirus 1,1511900,https://www.ncbi.nlm.nih.gov/Taxonomy/Browser/wwwtax.cgi?mode=Info&amp;id=1511900
587,Viruses,Erythroparvovirus primate1,3052189,https://www.ncbi.nlm.nih.gov/Taxonomy/Browser/wwwtax.cgi?mode=Info&amp;id=3052189
588,Viruses,Orthopneumovirus hominis,11250,https://www.ncbi.nlm.nih.gov/Taxonomy/Browser/wwwtax.cgi?mode=Info&amp;id=11250
589,Viruses,Orthopneumovirus hominis,3049954,https://www.ncbi.nlm.nih.gov/Taxonomy/Browser/wwwtax.cgi?mode=Info&amp;id=3049954
590,Viruses,Human rhinovirus sp.,169066,https://www.ncbi.nlm.nih.gov/Taxonomy/Browser/wwwtax.cgi?mode=Info&amp;id=169066
591,Viruses,Rhinovirus A,147711,https://www.ncbi.nlm.nih.gov/Taxonomy/Browser/wwwtax.cgi?mode=Info&amp;id=147711
592,Viruses,Rhinovirus C,463676,https://www.ncbi.nlm.nih.gov/Taxonomy/Browser/wwwtax.cgi?mode=Info&amp;id=463676
593,Viruses,Rotavirus A,28875,https://www.ncbi.nlm.nih.gov/Taxonomy/Browser/wwwtax.cgi?mode=Info&amp;id=28875
594,Viruses,Rotavirus B,28876,https://www.ncbi.nlm.nih.gov/Taxonomy/Browser/wwwtax.cgi?mode=Info&amp;id=28876
595,Viruses,Rotavirus C,36427,https://www.ncbi.nlm.nih.gov/Taxonomy/Browser/wwwtax.cgi?mode=Info&amp;id=36427
596,Viruses,Severe acute respiratory syndrome-related coronavirus,694009,https://www.ncbi.nlm.nih.gov/Taxonomy/Browser/wwwtax.cgi?mode=Info&amp;id=694009
597,Viruses,Primate T-lymphotropic virus 1,194440,https://www.ncbi.nlm.nih.gov/Taxonomy/Browser/wwwtax.cgi?mode=Info&amp;id=194440
598,Viruses,Primate T-lymphotropic virus 2,194441,https://www.ncbi.nlm.nih.gov/Taxonomy/Browser/wwwtax.cgi?mode=Info&amp;id=194441
599,Viruses,Human torovirus,67605,https://www.ncbi.nlm.nih.gov/Taxonomy/Browser/wwwtax.cgi?mode=Info&amp;id=67605
600,Viruses,Ilesha orthobunyavirus,2560528,https://www.ncbi.nlm.nih.gov/Taxonomy/Browser/wwwtax.cgi?mode=Info&amp;id=2560528
601,Viruses,Orthobunyavirus ileshaense,3052399,https://www.ncbi.nlm.nih.gov/Taxonomy/Browser/wwwtax.cgi?mode=Info&amp;id=3052399
602,Viruses,Alphainfluenzavirus influenzae,11320,https://www.ncbi.nlm.nih.gov/Taxonomy/Browser/wwwtax.cgi?mode=Info&amp;id=11320
603,Viruses,Alphainfluenzavirus influenzae,2955291,https://www.ncbi.nlm.nih.gov/Taxonomy/Browser/wwwtax.cgi?mode=Info&amp;id=2955291
604,Viruses,Betainfluenzavirus influenzae,11520,https://www.ncbi.nlm.nih.gov/Taxonomy/Browser/wwwtax.cgi?mode=Info&amp;id=11520
605,Viruses,Betainfluenzavirus influenzae,2955465,https://www.ncbi.nlm.nih.gov/Taxonomy/Browser/wwwtax.cgi?mode=Info&amp;id=2955465
606,Viruses,Gammainfluenzavirus influenzae,11552,https://www.ncbi.nlm.nih.gov/Taxonomy/Browser/wwwtax.cgi?mode=Info&amp;id=11552
607,Viruses,Gammainfluenzavirus influenzae,2955935,https://www.ncbi.nlm.nih.gov/Taxonomy/Browser/wwwtax.cgi?mode=Info&amp;id=2955935
608,Viruses,Vesiculovirus isfahan,1972573,https://www.ncbi.nlm.nih.gov/Taxonomy/Browser/wwwtax.cgi?mode=Info&amp;id=1972573
609,Viruses,Jamestown Canyon orthobunyavirus,2560532,https://www.ncbi.nlm.nih.gov/Taxonomy/Browser/wwwtax.cgi?mode=Info&amp;id=2560532
610,Viruses,Orthoflavivirus japonicum,11072,https://www.ncbi.nlm.nih.gov/Taxonomy/Browser/wwwtax.cgi?mode=Info&amp;id=11072
611,Viruses,Orthoflavivirus japonicum,3048158,https://www.ncbi.nlm.nih.gov/Taxonomy/Browser/wwwtax.cgi?mode=Info&amp;id=3048158
612,Viruses,Betapolyomavirus secuhominis,1891763,https://www.ncbi.nlm.nih.gov/Taxonomy/Browser/wwwtax.cgi?mode=Info&amp;id=1891763
613,Viruses,Mammarenavirus juninense,2169991,https://www.ncbi.nlm.nih.gov/Taxonomy/Browser/wwwtax.cgi?mode=Info&amp;id=2169991
614,Viruses,Orthoflavivirus nilense,11082,https://www.ncbi.nlm.nih.gov/Taxonomy/Browser/wwwtax.cgi?mode=Info&amp;id=11082
615,Viruses,Orthoflavivirus nilense,3048448,https://www.ncbi.nlm.nih.gov/Taxonomy/Browser/wwwtax.cgi?mode=Info&amp;id=3048448
616,Viruses,La Crosse orthobunyavirus,2560547,https://www.ncbi.nlm.nih.gov/Taxonomy/Browser/wwwtax.cgi?mode=Info&amp;id=2560547
617,Viruses,Orthobunyavirus lacrosseense,3052409,https://www.ncbi.nlm.nih.gov/Taxonomy/Browser/wwwtax.cgi?mode=Info&amp;id=3052409
618,Viruses,Marburg marburgvirus,11269,https://www.ncbi.nlm.nih.gov/Taxonomy/Browser/wwwtax.cgi?mode=Info&amp;id=11269
619,Viruses,Lassa mammarenavirus,11620,https://www.ncbi.nlm.nih.gov/Taxonomy/Browser/wwwtax.cgi?mode=Info&amp;id=11620
620,Viruses,Norwalk virus,11983,https://www.ncbi.nlm.nih.gov/Taxonomy/Browser/wwwtax.cgi?mode=Info&amp;id=11983
621,Viruses,Orthoflavivirus loupingi,11086,https://www.ncbi.nlm.nih.gov/Taxonomy/Browser/wwwtax.cgi?mode=Info&amp;id=11086
622,Viruses,Orthoflavivirus loupingi,3048184,https://www.ncbi.nlm.nih.gov/Taxonomy/Browser/wwwtax.cgi?mode=Info&amp;id=3048184
623,Viruses,Lujo mammarenavirus,649188,https://www.ncbi.nlm.nih.gov/Taxonomy/Browser/wwwtax.cgi?mode=Info&amp;id=649188
624,Viruses,Lymphocytic choriomeningitis mammarenavirus,11623,https://www.ncbi.nlm.nih.gov/Taxonomy/Browser/wwwtax.cgi?mode=Info&amp;id=11623
625,Viruses,Machupo mammarenavirus,11628,https://www.ncbi.nlm.nih.gov/Taxonomy/Browser/wwwtax.cgi?mode=Info&amp;id=11628
626,Viruses,Mammalian orthoreovirus,351073,https://www.ncbi.nlm.nih.gov/Taxonomy/Browser/wwwtax.cgi?mode=Info&amp;id=351073
627,Viruses,Mayaro virus,59301,https://www.ncbi.nlm.nih.gov/Taxonomy/Browser/wwwtax.cgi?mode=Info&amp;id=59301
628,Viruses,Morbillivirus hominis,11234,https://www.ncbi.nlm.nih.gov/Taxonomy/Browser/wwwtax.cgi?mode=Info&amp;id=11234
629,Viruses,Morbillivirus hominis,3052345,https://www.ncbi.nlm.nih.gov/Taxonomy/Browser/wwwtax.cgi?mode=Info&amp;id=3052345
630,Viruses,Alphapolyomavirus quintihominis,493803,https://www.ncbi.nlm.nih.gov/Taxonomy/Browser/wwwtax.cgi?mode=Info&amp;id=493803
631,Viruses,Alphapolyomavirus quintihominis,1891726,https://www.ncbi.nlm.nih.gov/Taxonomy/Browser/wwwtax.cgi?mode=Info&amp;id=1891726
632,Viruses,Middle East respiratory syndrome-related coronavirus,1335626,https://www.ncbi.nlm.nih.gov/Taxonomy/Browser/wwwtax.cgi?mode=Info&amp;id=1335626
633,Viruses,Middelburg virus,11023,https://www.ncbi.nlm.nih.gov/Taxonomy/Browser/wwwtax.cgi?mode=Info&amp;id=11023
634,Viruses,Lyssavirus mokola,12538,https://www.ncbi.nlm.nih.gov/Taxonomy/Browser/wwwtax.cgi?mode=Info&amp;id=12538
635,Viruses,Molluscum contagiosum virus,10279,https://www.ncbi.nlm.nih.gov/Taxonomy/Browser/wwwtax.cgi?mode=Info&amp;id=10279
636,Viruses,Monkeypox virus,10244,https://www.ncbi.nlm.nih.gov/Taxonomy/Browser/wwwtax.cgi?mode=Info&amp;id=10244
637,Viruses,Mucambo virus,60875,https://www.ncbi.nlm.nih.gov/Taxonomy/Browser/wwwtax.cgi?mode=Info&amp;id=60875
638,Viruses,Mumps rubulavirus,1979165,https://www.ncbi.nlm.nih.gov/Taxonomy/Browser/wwwtax.cgi?mode=Info&amp;id=1979165
639,Viruses,Orthoflavivirus murrayense,11079,https://www.ncbi.nlm.nih.gov/Taxonomy/Browser/wwwtax.cgi?mode=Info&amp;id=11079
640,Viruses,Orthoflavivirus murrayense,3048215,https://www.ncbi.nlm.nih.gov/Taxonomy/Browser/wwwtax.cgi?mode=Info&amp;id=3048215
641,Viruses,Deltapolyomavirus decihominis,1203539,https://www.ncbi.nlm.nih.gov/Taxonomy/Browser/wwwtax.cgi?mode=Info&amp;id=1203539
642,Viruses,Deltapolyomavirus decihominis,1208309,https://www.ncbi.nlm.nih.gov/Taxonomy/Browser/wwwtax.cgi?mode=Info&amp;id=1208309
643,Viruses,Nairobi sheep disease orthonairovirus,1980526,https://www.ncbi.nlm.nih.gov/Taxonomy/Browser/wwwtax.cgi?mode=Info&amp;id=1980526
644,Viruses,Orthonairovirus nairobiense,3052529,https://www.ncbi.nlm.nih.gov/Taxonomy/Browser/wwwtax.cgi?mode=Info&amp;id=3052529
645,Viruses,Orthohantavirus sinnombreense,44755,https://www.ncbi.nlm.nih.gov/Taxonomy/Browser/wwwtax.cgi?mode=Info&amp;id=44755
646,Viruses,Orthohantavirus sinnombreense,3052499,https://www.ncbi.nlm.nih.gov/Taxonomy/Browser/wwwtax.cgi?mode=Info&amp;id=3052499
647,Viruses,Nipah henipavirus,121791,https://www.ncbi.nlm.nih.gov/Taxonomy/Browser/wwwtax.cgi?mode=Info&amp;id=121791
648,Viruses,Onyong-nyong virus,2169701,https://www.ncbi.nlm.nih.gov/Taxonomy/Browser/wwwtax.cgi?mode=Info&amp;id=2169701
649,Viruses,Orthoflavivirus omskense,12542,https://www.ncbi.nlm.nih.gov/Taxonomy/Browser/wwwtax.cgi?mode=Info&amp;id=12542
650,Viruses,Orthoflavivirus omskense,3048233,https://www.ncbi.nlm.nih.gov/Taxonomy/Browser/wwwtax.cgi?mode=Info&amp;id=3048233
651,Viruses,Orf virus,10258,https://www.ncbi.nlm.nih.gov/Taxonomy/Browser/wwwtax.cgi?mode=Info&amp;id=10258
652,Viruses,Oropouche orthobunyavirus,1933309,https://www.ncbi.nlm.nih.gov/Taxonomy/Browser/wwwtax.cgi?mode=Info&amp;id=1933309
653,Viruses,Orthobunyavirus oropoucheense,3052429,https://www.ncbi.nlm.nih.gov/Taxonomy/Browser/wwwtax.cgi?mode=Info&amp;id=3052429
654,Viruses,Orungo virus,40058,https://www.ncbi.nlm.nih.gov/Taxonomy/Browser/wwwtax.cgi?mode=Info&amp;id=40058
655,Viruses,Human parechovirus,195054,https://www.ncbi.nlm.nih.gov/Taxonomy/Browser/wwwtax.cgi?mode=Info&amp;id=195054
656,Viruses,Parechovirus A,1803956,https://www.ncbi.nlm.nih.gov/Taxonomy/Browser/wwwtax.cgi?mode=Info&amp;id=1803956
657,Viruses,Parechovirus B,1803957,https://www.ncbi.nlm.nih.gov/Taxonomy/Browser/wwwtax.cgi?mode=Info&amp;id=1803957
658,Viruses,Cali mammarenavirus,2169993,https://www.ncbi.nlm.nih.gov/Taxonomy/Browser/wwwtax.cgi?mode=Info&amp;id=2169993
659,Viruses,Enterovirus C,138950,https://www.ncbi.nlm.nih.gov/Taxonomy/Browser/wwwtax.cgi?mode=Info&amp;id=138950
660,Viruses,Orthoflavivirus powassanense,11083,https://www.ncbi.nlm.nih.gov/Taxonomy/Browser/wwwtax.cgi?mode=Info&amp;id=11083
661,Viruses,Orthoflavivirus powassanense,3048287,https://www.ncbi.nlm.nih.gov/Taxonomy/Browser/wwwtax.cgi?mode=Info&amp;id=3048287
662,Viruses,Pseudocowpox virus,129726,https://www.ncbi.nlm.nih.gov/Taxonomy/Browser/wwwtax.cgi?mode=Info&amp;id=129726
663,Viruses,Punta Toro phlebovirus,1933186,https://www.ncbi.nlm.nih.gov/Taxonomy/Browser/wwwtax.cgi?mode=Info&amp;id=1933186
664,Viruses,Puumala orthohantavirus,1980486,https://www.ncbi.nlm.nih.gov/Taxonomy/Browser/wwwtax.cgi?mode=Info&amp;id=1980486
665,Viruses,Lyssavirus rabies,11292,https://www.ncbi.nlm.nih.gov/Taxonomy/Browser/wwwtax.cgi?mode=Info&amp;id=11292
666,Viruses,Rift Valley fever phlebovirus,1933187,https://www.ncbi.nlm.nih.gov/Taxonomy/Browser/wwwtax.cgi?mode=Info&amp;id=1933187
667,Viruses,Phlebovirus riftense,3052676,https://www.ncbi.nlm.nih.gov/Taxonomy/Browser/wwwtax.cgi?mode=Info&amp;id=3052676
668,Viruses,Orthoflavivirus ilheusense,59563,https://www.ncbi.nlm.nih.gov/Taxonomy/Browser/wwwtax.cgi?mode=Info&amp;id=59563
669,Viruses,Orthoflavivirus ilheusense,3052466,https://www.ncbi.nlm.nih.gov/Taxonomy/Browser/wwwtax.cgi?mode=Info&amp;id=3052466
670,Viruses,Rosavirus A,1511805,https://www.ncbi.nlm.nih.gov/Taxonomy/Browser/wwwtax.cgi?mode=Info&amp;id=1511805
671,Viruses,Ross River virus,11029,https://www.ncbi.nlm.nih.gov/Taxonomy/Browser/wwwtax.cgi?mode=Info&amp;id=11029
672,Viruses,Rubivirus rubellae,11041,https://www.ncbi.nlm.nih.gov/Taxonomy/Browser/wwwtax.cgi?mode=Info&amp;id=11041
673,Viruses,Rubivirus rubellae,2846071,https://www.ncbi.nlm.nih.gov/Taxonomy/Browser/wwwtax.cgi?mode=Info&amp;id=2846071
674,Viruses,Russian Spring-Summer encephalitis virus,64316,https://www.ncbi.nlm.nih.gov/Taxonomy/Browser/wwwtax.cgi?mode=Info&amp;id=64316
675,Viruses,Mammarenavirus brazilense,3052299,https://www.ncbi.nlm.nih.gov/Taxonomy/Browser/wwwtax.cgi?mode=Info&amp;id=3052299
676,Viruses,Salivirus A,1330524,https://www.ncbi.nlm.nih.gov/Taxonomy/Browser/wwwtax.cgi?mode=Info&amp;id=1330524
677,Viruses,Sandfly fever Naples phlebovirus,1933189,https://www.ncbi.nlm.nih.gov/Taxonomy/Browser/wwwtax.cgi?mode=Info&amp;id=1933189
678,Viruses,Naples phlebovirus,2747931,https://www.ncbi.nlm.nih.gov/Taxonomy/Browser/wwwtax.cgi?mode=Info&amp;id=2747931
679,Viruses,Phlebovirus napoliense,3052666,https://www.ncbi.nlm.nih.gov/Taxonomy/Browser/wwwtax.cgi?mode=Info&amp;id=3052666
680,Viruses,Phlebovirus siciliaense,28292,https://www.ncbi.nlm.nih.gov/Taxonomy/Browser/wwwtax.cgi?mode=Info&amp;id=28292
681,Viruses,Sicilian phlebovirus,2734473,https://www.ncbi.nlm.nih.gov/Taxonomy/Browser/wwwtax.cgi?mode=Info&amp;id=2734473
682,Viruses,Phlebovirus siciliaense,3052681,https://www.ncbi.nlm.nih.gov/Taxonomy/Browser/wwwtax.cgi?mode=Info&amp;id=3052681
683,Viruses,Sapporo virus,95342,https://www.ncbi.nlm.nih.gov/Taxonomy/Browser/wwwtax.cgi?mode=Info&amp;id=95342
684,Viruses,Semliki Forest virus,11033,https://www.ncbi.nlm.nih.gov/Taxonomy/Browser/wwwtax.cgi?mode=Info&amp;id=11033
685,Viruses,Seoul orthohantavirus,1980490,https://www.ncbi.nlm.nih.gov/Taxonomy/Browser/wwwtax.cgi?mode=Info&amp;id=1980490
686,Viruses,Huaiyangshan banyangvirus,2509281,https://www.ncbi.nlm.nih.gov/Taxonomy/Browser/wwwtax.cgi?mode=Info&amp;id=2509281
687,Viruses,Mammalian rubulavirus 5,1979162,https://www.ncbi.nlm.nih.gov/Taxonomy/Browser/wwwtax.cgi?mode=Info&amp;id=1979162
688,Viruses,Sin Nombre orthohantavirus,1980491,https://www.ncbi.nlm.nih.gov/Taxonomy/Browser/wwwtax.cgi?mode=Info&amp;id=1980491
689,Viruses,Sindbis virus,11034,https://www.ncbi.nlm.nih.gov/Taxonomy/Browser/wwwtax.cgi?mode=Info&amp;id=11034
690,Viruses,Spondweni virus,64318,https://www.ncbi.nlm.nih.gov/Taxonomy/Browser/wwwtax.cgi?mode=Info&amp;id=64318
691,Viruses,Orthoflavivirus louisense,11080,https://www.ncbi.nlm.nih.gov/Taxonomy/Browser/wwwtax.cgi?mode=Info&amp;id=11080
692,Viruses,Orthoflavivirus louisense,3052468,https://www.ncbi.nlm.nih.gov/Taxonomy/Browser/wwwtax.cgi?mode=Info&amp;id=3052468
693,Viruses,Orthoebolavirus sudanense,186540,https://www.ncbi.nlm.nih.gov/Taxonomy/Browser/wwwtax.cgi?mode=Info&amp;id=186540
694,Viruses,Orthoebolavirus sudanense,3052460,https://www.ncbi.nlm.nih.gov/Taxonomy/Browser/wwwtax.cgi?mode=Info&amp;id=3052460
695,Viruses,Tanapox virus,99000,https://www.ncbi.nlm.nih.gov/Taxonomy/Browser/wwwtax.cgi?mode=Info&amp;id=99000
696,Viruses,Tonate virus,60877,https://www.ncbi.nlm.nih.gov/Taxonomy/Browser/wwwtax.cgi?mode=Info&amp;id=60877
697,Viruses,Toscana phlebovirus,2734478,https://www.ncbi.nlm.nih.gov/Taxonomy/Browser/wwwtax.cgi?mode=Info&amp;id=2734478
698,Viruses,Phlebovirus toscanaense,3052686,https://www.ncbi.nlm.nih.gov/Taxonomy/Browser/wwwtax.cgi?mode=Info&amp;id=3052686
699,Viruses,Alphapolyomavirus octihominis,862909,https://www.ncbi.nlm.nih.gov/Taxonomy/Browser/wwwtax.cgi?mode=Info&amp;id=862909
700,Viruses,Alphapolyomavirus octihominis,1891727,https://www.ncbi.nlm.nih.gov/Taxonomy/Browser/wwwtax.cgi?mode=Info&amp;id=1891727
701,Viruses,Uukuniemi phlebovirus,1933191,https://www.ncbi.nlm.nih.gov/Taxonomy/Browser/wwwtax.cgi?mode=Info&amp;id=1933191
702,Viruses,Uukuniemi uukuvirus,2749936,https://www.ncbi.nlm.nih.gov/Taxonomy/Browser/wwwtax.cgi?mode=Info&amp;id=2749936
703,Viruses,Uukuvirus uukuniemiense,3052811,https://www.ncbi.nlm.nih.gov/Taxonomy/Browser/wwwtax.cgi?mode=Info&amp;id=3052811
704,Viruses,Varicellovirus humanalpha3,10335,https://www.ncbi.nlm.nih.gov/Taxonomy/Browser/wwwtax.cgi?mode=Info&amp;id=10335
705,Viruses,Varicellovirus humanalpha3,3050294,https://www.ncbi.nlm.nih.gov/Taxonomy/Browser/wwwtax.cgi?mode=Info&amp;id=3050294
706,Viruses,Variola virus,10255,https://www.ncbi.nlm.nih.gov/Taxonomy/Browser/wwwtax.cgi?mode=Info&amp;id=10255
707,Viruses,Venezuelan equine encephalitis virus,11036,https://www.ncbi.nlm.nih.gov/Taxonomy/Browser/wwwtax.cgi?mode=Info&amp;id=11036
708,Viruses,Vesicular stomatitis virus,11276,https://www.ncbi.nlm.nih.gov/Taxonomy/Browser/wwwtax.cgi?mode=Info&amp;id=11276
709,Viruses,Orthoflavivirus wesselsbronense,164416,https://www.ncbi.nlm.nih.gov/Taxonomy/Browser/wwwtax.cgi?mode=Info&amp;id=164416
710,Viruses,Orthoflavivirus wesselsbronense,3048447,https://www.ncbi.nlm.nih.gov/Taxonomy/Browser/wwwtax.cgi?mode=Info&amp;id=3048447
711,Viruses,Western equine encephalitis virus,11039,https://www.ncbi.nlm.nih.gov/Taxonomy/Browser/wwwtax.cgi?mode=Info&amp;id=11039
712,Viruses,Whitewater Arroyo mammarenavirus,46919,https://www.ncbi.nlm.nih.gov/Taxonomy/Browser/wwwtax.cgi?mode=Info&amp;id=46919
713,Viruses,Betapolyomavirus quartihominis,1891765,https://www.ncbi.nlm.nih.gov/Taxonomy/Browser/wwwtax.cgi?mode=Info&amp;id=1891765
714,Viruses,Yaba monkey tumor virus,38804,https://www.ncbi.nlm.nih.gov/Taxonomy/Browser/wwwtax.cgi?mode=Info&amp;id=38804
715,Viruses,Orthoflavivirus flavi,11089,https://www.ncbi.nlm.nih.gov/Taxonomy/Browser/wwwtax.cgi?mode=Info&amp;id=11089
716,Viruses,Orthoflavivirus flavi,3046277,https://www.ncbi.nlm.nih.gov/Taxonomy/Browser/wwwtax.cgi?mode=Info&amp;id=3046277
717,Viruses,Orthoebolavirus zairense,186538,https://www.ncbi.nlm.nih.gov/Taxonomy/Browser/wwwtax.cgi?mode=Info&amp;id=186538
718,Viruses,Orthoebolavirus zairense,3052462,https://www.ncbi.nlm.nih.gov/Taxonomy/Browser/wwwtax.cgi?mode=Info&amp;id=3052462
719,Viruses,Orthoflavivirus zikaense,64320,https://www.ncbi.nlm.nih.gov/Taxonomy/Browser/wwwtax.cgi?mode=Info&amp;id=64320
720,Viruses,Orthoflavivirus zikaense,3048459,https://www.ncbi.nlm.nih.gov/Taxonomy/Browser/wwwtax.cgi?mode=Info&amp;id=3048459
